sender,receiver,amount,timestamp
ACC0150,ACC0094,930,2026-04-06 05:58:43.311386
ACC0069,ACC0182,3775,2026-05-13 12:47:43.311386
ACC0117,ACC0139,840,2026-05-09 04:15:43.311386
ACC0110,ACC0109,216,2026-05-27 10:03:43.311386
ACC0010,ACC0143,2938,2026-05-30 18:02:43.311386
ACC0063,ACC0139,2031,2026-04-09 15:32:43.311386
ACC0044,ACC0000,1764,2026-04-15 06:55:43.311386
ACC0038,ACC0071,4829,2026-05-19 19:36:43.311386
ACC0178,ACC0134,2949,2026-04-29 11:37:43.311386
ACC0066,ACC0172,659,2026-05-17 14:56:43.311386
ACC0100,ACC0122,4683,2026-04-22 06:36:43.311386
ACC0052,ACC0119,3443,2026-05-22 04:12:43.311386
ACC0029,ACC0041,4170,2026-05-11 03:37:43.311386
ACC0037,ACC0050,1570,2026-05-19 18:28:43.311386
ACC0192,ACC0144,2394,2026-04-10 09:26:43.311386
ACC0002,ACC0023,3247,2026-04-14 20:57:43.311386
ACC0104,ACC0146,8506,2026-05-22 07:48:43.311386
ACC0030,ACC0064,2844,2026-03-27 15:24:43.311386
ACC0063,ACC0052,4145,2026-05-24 23:57:43.311386
ACC0090,ACC0136,3218,2026-04-06 19:20:43.311386
ACC0111,ACC0158,2241,2026-03-25 21:31:43.311386
ACC0027,ACC0112,3159,2026-05-11 07:48:43.311386
ACC0092,ACC0009,3059,2026-05-07 01:45:43.311386
ACC0132,ACC0011,4746,2026-03-28 20:05:43.311386
ACC0131,ACC0092,1857,2026-05-13 01:06:43.311386
ACC0024,ACC0047,2949,2026-05-03 15:54:43.311386
ACC0118,ACC0000,3830,2026-05-24 17:29:43.311386
ACC0130,ACC0118,2916,2026-05-02 09:37:43.311386
ACC0153,ACC0184,1448,2026-05-20 04:28:43.311386
ACC0088,ACC0131,4711,2026-05-12 08:09:43.311386
ACC0021,ACC0151,2939,2026-04-21 11:53:43.311386
ACC0118,ACC0021,4692,2026-04-27 10:37:43.311386
ACC0042,ACC0197,995,2026-03-31 06:49:43.311386
ACC0145,ACC0142,3646,2026-04-15 10:45:43.311386
ACC0053,ACC0141,1787,2026-04-20 09:17:43.311386
ACC0152,ACC0070,3846,2026-05-07 02:37:43.311386
ACC0129,ACC0131,1668,2026-05-28 18:32:43.311386
ACC0081,ACC0044,2838,2026-03-27 13:02:43.311386
ACC0025,ACC0050,4013,2026-04-03 22:06:43.311386
ACC0118,ACC0139,4480,2026-04-01 19:25:43.311386
ACC0078,ACC0178,43494,2026-05-29 04:59:43.311386
ACC0062,ACC0146,4069,2026-03-24 19:40:43.311386
ACC0015,ACC0129,2646,2026-05-12 13:22:43.311386
ACC0054,ACC0066,2996,2026-03-27 01:35:43.311386
ACC0054,ACC0011,875,2026-03-30 23:24:43.311386
ACC0042,ACC0157,1725,2026-04-08 05:15:43.311386
ACC0050,ACC0066,517,2026-04-21 15:34:43.311386
ACC0053,ACC0012,716,2026-05-17 09:54:43.311386
ACC0038,ACC0089,3367,2026-04-04 02:07:43.311386
ACC0140,ACC0137,1616,2026-05-23 16:14:43.311386
ACC0098,ACC0012,512,2026-05-26 07:29:43.311386
ACC0016,ACC0076,828,2026-04-19 09:40:43.311386
ACC0110,ACC0039,2908,2026-04-30 16:47:43.311386
ACC0079,ACC0178,2604,2026-05-06 17:37:43.311386
ACC0094,ACC0057,2886,2026-04-03 21:10:43.311386
ACC0122,ACC0139,4179,2026-05-19 01:57:43.311386
ACC0010,ACC0150,2243,2026-04-20 13:21:43.311386
ACC0017,ACC0067,28190,2026-05-26 10:35:43.311386
ACC0004,ACC0164,4232,2026-04-30 10:21:43.311386
ACC0096,ACC0101,41208,2026-05-17 13:22:43.311386
ACC0176,ACC0054,2426,2026-04-14 00:22:43.311386
ACC0194,ACC0161,26352,2026-04-23 07:23:43.311386
ACC0102,ACC0019,4052,2026-05-21 13:15:43.311386
ACC0197,ACC0126,46555,2026-04-28 22:33:43.311386
ACC0159,ACC0141,828,2026-04-26 11:15:43.311386
ACC0081,ACC0054,4592,2026-04-15 13:18:43.311386
ACC0136,ACC0049,495,2026-04-17 03:40:43.311386
ACC0020,ACC0162,4271,2026-04-13 00:16:43.311386
ACC0045,ACC0140,2602,2026-04-20 11:09:43.311386
ACC0149,ACC0193,817,2026-04-25 11:38:43.311386
ACC0164,ACC0095,3677,2026-05-27 17:46:43.311386
ACC0116,ACC0147,243,2026-04-01 04:52:43.311386
ACC0104,ACC0042,42259,2026-03-30 16:00:43.311386
ACC0199,ACC0188,3038,2026-03-31 18:44:43.311386
ACC0047,ACC0076,3736,2026-04-19 11:46:43.311386
ACC0106,ACC0175,1267,2026-05-12 16:00:43.311386
ACC0119,ACC0002,1162,2026-04-03 03:56:43.311386
ACC0189,ACC0087,3082,2026-03-31 02:51:43.311386
ACC0045,ACC0126,3394,2026-05-25 01:24:43.311386
ACC0077,ACC0086,832,2026-03-30 02:22:43.311386
ACC0152,ACC0022,4946,2026-04-11 08:45:43.311386
ACC0177,ACC0032,1053,2026-04-11 03:20:43.311386
ACC0153,ACC0178,3424,2026-04-30 19:31:43.311386
ACC0147,ACC0109,1642,2026-05-16 11:55:43.311386
ACC0149,ACC0128,1291,2026-05-04 09:51:43.311386
ACC0005,ACC0188,3093,2026-03-30 20:14:43.311386
ACC0182,ACC0058,24065,2026-04-03 14:12:43.311386
ACC0135,ACC0108,3336,2026-04-23 13:39:43.311386
ACC0030,ACC0194,2486,2026-05-11 21:37:43.311386
ACC0055,ACC0179,1488,2026-05-13 04:40:43.311386
ACC0105,ACC0039,1465,2026-03-28 19:20:43.311386
ACC0045,ACC0027,610,2026-05-03 14:10:43.311386
ACC0184,ACC0022,4412,2026-05-30 15:08:43.311386
ACC0000,ACC0179,1255,2026-05-06 14:43:43.311386
ACC0147,ACC0169,3586,2026-05-07 12:54:43.311386
ACC0084,ACC0004,3023,2026-05-12 22:42:43.311386
ACC0133,ACC0099,4286,2026-05-13 23:43:43.311386
ACC0123,ACC0147,3702,2026-03-27 02:26:43.311386
ACC0187,ACC0031,3622,2026-04-01 16:44:43.311386
ACC0120,ACC0078,4848,2026-04-01 07:03:43.311386
ACC0113,ACC0102,1343,2026-05-28 23:23:43.311386
ACC0080,ACC0003,1181,2026-05-10 11:17:43.311386
ACC0035,ACC0068,555,2026-05-22 10:36:43.311386
ACC0050,ACC0090,994,2026-05-02 03:28:43.311386
ACC0123,ACC0138,2058,2026-04-25 06:48:43.311386
ACC0133,ACC0062,2096,2026-04-05 20:13:43.311386
ACC0002,ACC0083,4385,2026-04-15 16:32:43.311386
ACC0108,ACC0133,1314,2026-03-23 05:17:43.311386
ACC0006,ACC0094,33016,2026-05-14 21:52:43.311386
ACC0158,ACC0184,923,2026-04-04 00:24:43.311386
ACC0175,ACC0051,233,2026-04-14 13:51:43.311386
ACC0039,ACC0160,3727,2026-05-15 18:52:43.311386
ACC0030,ACC0179,1952,2026-05-17 06:33:43.311386
ACC0010,ACC0115,3033,2026-03-27 16:36:43.311386
ACC0014,ACC0008,4398,2026-04-08 09:33:43.311386
ACC0003,ACC0122,26732,2026-03-29 02:30:43.311386
ACC0134,ACC0127,3612,2026-04-11 17:46:43.311386
ACC0163,ACC0150,1356,2026-04-25 01:44:43.311386
ACC0048,ACC0138,3586,2026-04-24 22:16:43.311386
ACC0190,ACC0123,1496,2026-04-13 17:26:43.311386
ACC0018,ACC0125,2803,2026-05-02 18:42:43.311386
ACC0169,ACC0049,29504,2026-05-26 14:38:43.311386
ACC0096,ACC0124,18323,2026-03-23 08:15:43.311386
ACC0097,ACC0114,2883,2026-05-23 21:29:43.311386
ACC0183,ACC0172,26447,2026-03-29 17:23:43.311386
ACC0179,ACC0064,3119,2026-05-14 21:53:43.311386
ACC0130,ACC0008,767,2026-05-10 22:09:43.311386
ACC0180,ACC0104,1245,2026-04-29 07:25:43.311386
ACC0046,ACC0001,4285,2026-04-02 18:07:43.311386
ACC0010,ACC0169,639,2026-05-12 13:17:43.311386
ACC0180,ACC0137,4236,2026-05-28 04:37:43.311386
ACC0137,ACC0049,3875,2026-04-28 11:47:43.311386
ACC0170,ACC0051,2608,2026-05-06 20:45:43.311386
ACC0020,ACC0178,1024,2026-05-12 10:20:43.317656
ACC0061,ACC0122,1681,2026-04-29 23:47:43.317656
ACC0120,ACC0024,355,2026-04-12 16:52:43.317656
ACC0101,ACC0125,1938,2026-04-09 00:00:43.317656
ACC0069,ACC0158,109,2026-04-02 16:01:43.317656
ACC0081,ACC0120,897,2026-05-15 00:39:43.317656
ACC0101,ACC0124,1115,2026-04-18 14:59:43.317656
ACC0125,ACC0080,3236,2026-05-25 16:57:43.317656
ACC0037,ACC0028,4258,2026-04-18 00:32:43.317656
ACC0151,ACC0180,25309,2026-05-26 17:02:43.317656
ACC0111,ACC0015,4884,2026-04-29 05:32:43.317656
ACC0110,ACC0116,4100,2026-05-19 00:55:43.317656
ACC0073,ACC0031,2252,2026-05-25 12:10:43.317656
ACC0199,ACC0138,484,2026-05-31 06:28:43.317656
ACC0140,ACC0051,4713,2026-05-22 16:29:43.317656
ACC0019,ACC0001,2100,2026-04-19 19:32:43.317656
ACC0151,ACC0085,37606,2026-05-24 16:52:43.317656
ACC0113,ACC0168,1560,2026-05-15 04:18:43.317656
ACC0155,ACC0192,3736,2026-05-23 23:16:43.317656
ACC0001,ACC0138,4909,2026-05-09 04:31:43.317656
ACC0118,ACC0021,4278,2026-05-22 04:56:43.317656
ACC0121,ACC0081,2148,2026-04-30 05:26:43.317656
ACC0195,ACC0048,4880,2026-05-19 16:12:43.317656
ACC0014,ACC0038,4644,2026-05-05 08:08:43.317656
ACC0154,ACC0178,4683,2026-03-28 12:39:43.317656
ACC0067,ACC0133,3519,2026-05-26 12:33:43.317656
ACC0048,ACC0178,1674,2026-05-21 11:43:43.317656
ACC0145,ACC0114,349,2026-04-21 06:15:43.317656
ACC0031,ACC0041,48125,2026-04-26 21:10:43.317656
ACC0061,ACC0163,4062,2026-05-09 07:03:43.317656
ACC0144,ACC0006,4463,2026-05-01 17:28:43.317656
ACC0165,ACC0030,1177,2026-04-10 04:29:43.317656
ACC0039,ACC0053,488,2026-05-14 16:27:43.317656
ACC0018,ACC0044,4958,2026-05-01 19:44:43.317656
ACC0172,ACC0100,4819,2026-05-18 05:14:43.317656
ACC0134,ACC0099,3474,2026-05-20 22:58:43.317656
ACC0018,ACC0143,3378,2026-05-30 16:20:43.317656
ACC0036,ACC0046,4081,2026-05-05 13:11:43.317656
ACC0149,ACC0057,2222,2026-04-24 06:30:43.317656
ACC0014,ACC0157,2250,2026-04-05 01:55:43.317656
ACC0038,ACC0034,4959,2026-05-26 17:23:43.317656
ACC0186,ACC0125,1429,2026-04-23 01:59:43.317656
ACC0133,ACC0098,1458,2026-05-15 07:26:43.317656
ACC0022,ACC0190,2582,2026-04-18 13:46:43.317656
ACC0039,ACC0112,2117,2026-04-03 17:41:43.317656
ACC0196,ACC0176,4444,2026-04-24 10:59:43.317656
ACC0017,ACC0196,36703,2026-05-02 03:54:43.317656
ACC0117,ACC0122,4737,2026-04-12 16:02:43.317656
ACC0162,ACC0104,3277,2026-05-01 15:04:43.317656
ACC0003,ACC0043,42660,2026-05-03 21:41:43.317656
ACC0077,ACC0172,237,2026-04-23 00:33:43.317656
ACC0192,ACC0142,3572,2026-03-31 21:03:43.317656
ACC0045,ACC0058,2932,2026-05-17 16:29:43.317656
ACC0055,ACC0059,3131,2026-03-28 04:07:43.317656
ACC0193,ACC0002,4400,2026-05-06 03:26:43.317656
ACC0039,ACC0143,4238,2026-05-23 04:57:43.317656
ACC0138,ACC0094,4142,2026-05-27 04:58:43.317656
ACC0121,ACC0159,860,2026-05-14 17:38:43.317656
ACC0105,ACC0157,3545,2026-05-15 23:37:43.317656
ACC0124,ACC0141,999,2026-05-02 21:52:43.317656
ACC0106,ACC0041,3366,2026-04-03 08:25:43.317656
ACC0190,ACC0053,3366,2026-05-08 07:58:43.317656
ACC0052,ACC0190,4288,2026-04-08 23:35:43.317656
ACC0022,ACC0192,4256,2026-05-23 16:38:43.317656
ACC0137,ACC0042,4799,2026-05-06 02:04:43.317656
ACC0184,ACC0026,623,2026-05-18 12:15:43.317656
ACC0071,ACC0088,3217,2026-04-25 14:47:43.317656
ACC0184,ACC0112,2068,2026-03-28 18:07:43.317656
ACC0131,ACC0094,2396,2026-05-15 20:58:43.317656
ACC0184,ACC0085,2361,2026-05-24 06:34:43.317656
ACC0193,ACC0083,4302,2026-05-18 04:10:43.317656
ACC0173,ACC0118,4243,2026-04-24 21:16:43.317656
ACC0165,ACC0173,4532,2026-03-26 09:35:43.317656
ACC0143,ACC0155,2155,2026-04-06 04:38:43.317656
ACC0073,ACC0125,1376,2026-03-31 15:01:43.317656
ACC0104,ACC0039,5302,2026-04-04 05:14:43.317656
ACC0003,ACC0076,5055,2026-05-25 11:55:43.317656
ACC0040,ACC0198,4669,2026-05-11 14:53:43.317656
ACC0155,ACC0148,2225,2026-04-30 19:45:43.317656
ACC0070,ACC0156,464,2026-05-28 08:11:43.317656
ACC0157,ACC0138,1746,2026-04-04 00:34:43.317656
ACC0015,ACC0105,2897,2026-04-22 21:34:43.317656
ACC0011,ACC0129,1631,2026-03-30 20:03:43.317656
ACC0061,ACC0168,2006,2026-05-06 15:38:43.317656
ACC0041,ACC0130,4680,2026-05-24 10:05:43.317656
ACC0015,ACC0164,813,2026-05-30 19:30:43.317656
ACC0092,ACC0183,2076,2026-04-26 12:24:43.317656
ACC0127,ACC0168,225,2026-04-28 06:37:43.317656
ACC0129,ACC0074,4732,2026-05-29 01:16:43.317656
ACC0150,ACC0055,3383,2026-05-27 06:24:43.317656
ACC0135,ACC0167,1703,2026-05-26 07:11:43.317656
ACC0019,ACC0171,166,2026-04-04 12:00:43.317656
ACC0116,ACC0037,2256,2026-05-12 23:38:43.317656
ACC0106,ACC0114,4306,2026-05-13 10:43:43.317656
ACC0097,ACC0165,4818,2026-04-10 12:33:43.317656
ACC0118,ACC0044,4107,2026-04-05 02:48:43.317656
ACC0149,ACC0125,2572,2026-04-19 21:08:43.317656
ACC0136,ACC0131,2839,2026-04-23 15:59:43.317656
ACC0120,ACC0131,1861,2026-04-08 23:29:43.317656
ACC0145,ACC0062,2462,2026-05-19 13:32:43.317656
ACC0113,ACC0064,3912,2026-05-12 02:08:43.317656
ACC0058,ACC0193,32285,2026-03-28 08:36:43.317656
ACC0156,ACC0046,1833,2026-05-30 10:27:43.317656
ACC0159,ACC0144,2663,2026-04-07 23:23:43.317656
ACC0072,ACC0074,3617,2026-04-08 16:27:43.317656
ACC0060,ACC0121,3835,2026-05-12 11:46:43.317656
ACC0066,ACC0089,1260,2026-05-22 11:46:43.317656
ACC0050,ACC0046,342,2026-05-28 13:08:43.317656
ACC0131,ACC0175,2695,2026-05-25 05:21:43.317656
ACC0049,ACC0176,105,2026-05-02 18:45:43.317656
ACC0144,ACC0133,4270,2026-03-31 12:26:43.317656
ACC0178,ACC0181,745,2026-05-31 11:15:43.317656
ACC0070,ACC0170,3028,2026-04-02 21:21:43.317656
ACC0198,ACC0163,4389,2026-05-30 23:06:43.317656
ACC0152,ACC0176,2862,2026-04-06 12:33:43.317656
ACC0074,ACC0073,1241,2026-04-16 21:09:43.317656
ACC0031,ACC0026,31386,2026-04-21 05:25:43.317656
ACC0158,ACC0090,324,2026-04-29 21:25:43.317656
ACC0153,ACC0141,4308,2026-04-14 14:48:43.317656
ACC0048,ACC0060,4849,2026-05-02 00:19:43.317656
ACC0050,ACC0106,1928,2026-05-30 05:15:43.317656
ACC0007,ACC0106,4334,2026-05-09 03:38:43.317656
ACC0006,ACC0039,44756,2026-04-28 15:50:43.317656
ACC0148,ACC0010,3844,2026-04-20 07:29:43.317656
ACC0062,ACC0079,109,2026-04-04 11:32:43.317656
ACC0162,ACC0043,1773,2026-05-30 00:13:43.317656
ACC0087,ACC0060,2160,2026-05-27 21:05:43.317656
ACC0139,ACC0041,3813,2026-05-07 16:05:43.317656
ACC0045,ACC0074,420,2026-05-30 14:50:43.317656
ACC0026,ACC0059,2476,2026-05-18 04:56:43.317656
ACC0199,ACC0176,2924,2026-03-27 22:02:43.317656
ACC0092,ACC0047,2138,2026-05-06 08:54:43.317656
ACC0077,ACC0113,3777,2026-05-02 07:54:43.317656
ACC0164,ACC0108,1704,2026-03-25 11:39:43.317656
ACC0059,ACC0170,4127,2026-05-31 09:17:43.317656
ACC0024,ACC0025,2069,2026-04-14 17:08:43.317656
ACC0037,ACC0052,475,2026-04-12 09:20:43.317656
ACC0032,ACC0199,2735,2026-04-10 08:54:43.317656
ACC0170,ACC0086,1670,2026-05-27 18:57:43.317656
ACC0077,ACC0181,3491,2026-05-01 01:07:43.317656
ACC0084,ACC0178,3743,2026-05-27 10:01:43.317656
ACC0155,ACC0176,3950,2026-05-02 12:00:43.317656
ACC0014,ACC0009,1352,2026-05-10 08:29:43.317656
ACC0029,ACC0123,1414,2026-04-01 07:32:43.317656
ACC0002,ACC0066,2998,2026-05-14 22:22:43.317656
ACC0126,ACC0046,177,2026-05-17 05:41:43.317656
ACC0091,ACC0067,700,2026-05-21 18:52:43.317656
ACC0191,ACC0195,1165,2026-04-03 04:16:43.317656
ACC0006,ACC0007,48303,2026-04-20 10:25:43.317656
ACC0191,ACC0139,1418,2026-05-11 05:05:43.317656
ACC0134,ACC0199,3697,2026-05-03 23:21:43.317656
ACC0173,ACC0012,3862,2026-04-10 14:52:43.317656
ACC0098,ACC0095,4770,2026-05-18 15:38:43.317656
ACC0070,ACC0185,1092,2026-05-18 06:56:43.317656
ACC0022,ACC0055,2292,2026-05-07 22:16:43.317656
ACC0104,ACC0060,16246,2026-04-29 21:54:43.317656
ACC0088,ACC0125,4133,2026-05-18 18:51:43.317656
ACC0098,ACC0020,3787,2026-03-28 11:29:43.317656
ACC0141,ACC0019,4118,2026-05-23 16:50:43.317656
ACC0196,ACC0009,2070,2026-05-02 23:15:43.317656
ACC0020,ACC0072,2726,2026-03-25 10:26:43.317656
ACC0085,ACC0157,1302,2026-05-14 12:33:43.317656
ACC0053,ACC0124,2135,2026-05-14 03:39:43.317656
ACC0050,ACC0066,1354,2026-05-30 21:50:43.317656
ACC0080,ACC0142,519,2026-04-25 21:16:43.317656
ACC0161,ACC0043,2697,2026-03-24 16:32:43.317656
ACC0025,ACC0129,1220,2026-04-30 23:24:43.317656
ACC0089,ACC0094,1050,2026-05-29 22:16:43.317656
ACC0110,ACC0077,2343,2026-05-18 08:03:43.317656
ACC0128,ACC0002,1957,2026-05-09 03:27:43.317656
ACC0023,ACC0165,42380,2026-05-01 02:00:43.317656
ACC0078,ACC0063,28710,2026-05-11 01:46:43.317656
ACC0104,ACC0138,11371,2026-04-11 14:57:43.317656
ACC0019,ACC0073,3328,2026-05-17 14:09:43.317656
ACC0182,ACC0130,19382,2026-04-03 00:21:43.317656
ACC0161,ACC0083,2991,2026-05-28 22:36:43.317656
ACC0009,ACC0052,4325,2026-05-20 02:34:43.317656
ACC0096,ACC0017,40442,2026-05-04 00:06:43.317656
ACC0026,ACC0199,2055,2026-03-23 17:35:43.317656
ACC0163,ACC0187,1934,2026-04-12 00:37:43.317656
ACC0183,ACC0026,17298,2026-05-21 17:19:43.317656
ACC0110,ACC0147,3019,2026-04-08 13:07:43.317656
ACC0152,ACC0023,3305,2026-05-22 12:33:43.317656
ACC0168,ACC0127,914,2026-04-08 17:15:43.317656
ACC0100,ACC0097,462,2026-05-29 20:29:43.317656
ACC0134,ACC0105,2365,2026-04-08 19:56:43.317656
ACC0153,ACC0151,3105,2026-05-19 11:44:43.317656
ACC0004,ACC0109,1739,2026-03-23 17:01:43.317656
ACC0155,ACC0189,2830,2026-04-02 05:01:43.317656
ACC0059,ACC0140,4551,2026-04-05 09:13:43.317656
ACC0130,ACC0112,3035,2026-04-24 17:24:43.317656
ACC0098,ACC0169,226,2026-04-25 05:03:43.317656
ACC0141,ACC0196,3156,2026-04-16 04:42:43.317656
ACC0164,ACC0057,3549,2026-04-23 05:36:43.317656
ACC0178,ACC0111,4246,2026-04-30 18:25:43.317656
ACC0018,ACC0063,3468,2026-05-28 21:55:43.317656
ACC0066,ACC0105,1892,2026-04-08 08:43:43.317656
ACC0062,ACC0175,3576,2026-05-30 09:47:43.317656
ACC0043,ACC0138,1305,2026-05-18 04:16:43.317656
ACC0030,ACC0104,3172,2026-04-24 14:59:43.317656
ACC0147,ACC0162,4762,2026-05-04 06:30:43.317656
ACC0132,ACC0056,2808,2026-05-23 10:18:43.317656
ACC0176,ACC0016,1432,2026-03-24 21:36:43.317656
ACC0101,ACC0071,301,2026-05-04 07:28:43.317656
ACC0039,ACC0140,4312,2026-03-24 12:47:43.317656
ACC0159,ACC0172,674,2026-04-17 07:01:43.317656
ACC0148,ACC0177,636,2026-03-23 03:43:43.317656
ACC0128,ACC0034,2222,2026-04-10 12:03:43.317656
ACC0043,ACC0045,485,2026-05-25 22:42:43.317656
ACC0140,ACC0158,3381,2026-05-25 12:46:43.317656
ACC0060,ACC0059,517,2026-05-06 07:04:43.317656
ACC0158,ACC0016,1054,2026-04-12 14:05:43.317656
ACC0020,ACC0018,4958,2026-04-06 16:06:43.317656
ACC0124,ACC0194,1305,2026-04-14 15:46:43.317656
ACC0059,ACC0190,4905,2026-05-17 16:36:43.317656
ACC0148,ACC0112,4480,2026-03-27 02:02:43.317656
ACC0165,ACC0078,4857,2026-05-18 06:55:43.317656
ACC0118,ACC0090,2303,2026-05-20 06:31:43.317656
ACC0018,ACC0079,3220,2026-04-12 14:32:43.317656
ACC0195,ACC0062,3532,2026-04-26 22:32:43.317656
ACC0098,ACC0164,4343,2026-04-24 20:19:43.317656
ACC0170,ACC0052,441,2026-03-25 09:01:43.317656
ACC0103,ACC0088,1824,2026-04-17 22:09:43.317656
ACC0010,ACC0049,4522,2026-04-09 02:32:43.317656
ACC0163,ACC0086,1859,2026-05-02 10:03:43.317656
ACC0195,ACC0031,2362,2026-05-29 19:50:43.317656
ACC0100,ACC0017,1051,2026-04-21 05:26:43.317656
ACC0015,ACC0008,3489,2026-05-30 02:33:43.317656
ACC0127,ACC0191,2817,2026-04-20 02:36:43.317656
ACC0076,ACC0095,3476,2026-04-01 12:28:43.317656
ACC0014,ACC0048,1600,2026-03-29 18:35:43.317656
ACC0148,ACC0137,3595,2026-03-30 16:06:43.317656
ACC0184,ACC0074,2165,2026-05-08 06:16:43.317656
ACC0010,ACC0137,3157,2026-05-11 12:07:43.317656
ACC0186,ACC0074,2261,2026-05-23 13:47:43.317656
ACC0143,ACC0182,1046,2026-04-16 07:17:43.317656
ACC0054,ACC0130,3435,2026-05-22 23:30:43.317656
ACC0112,ACC0181,4995,2026-03-23 06:07:43.317656
ACC0146,ACC0193,2001,2026-04-25 00:29:43.317656
ACC0063,ACC0080,4164,2026-04-04 14:58:43.317656
ACC0017,ACC0163,45411,2026-05-13 05:13:43.317656
ACC0130,ACC0165,3562,2026-04-05 03:08:43.317656
ACC0012,ACC0029,3179,2026-04-08 09:38:43.317656
ACC0151,ACC0060,35678,2026-04-08 14:54:43.317656
ACC0167,ACC0003,427,2026-04-22 09:39:43.317656
ACC0050,ACC0174,3410,2026-04-13 17:56:43.317656
ACC0177,ACC0192,3775,2026-04-06 14:41:43.317656
ACC0199,ACC0104,2243,2026-04-01 01:05:43.317656
ACC0015,ACC0099,1411,2026-04-19 12:17:43.317656
ACC0103,ACC0079,2638,2026-05-23 02:17:43.317656
ACC0039,ACC0047,4647,2026-04-23 12:21:43.317656
ACC0150,ACC0128,264,2026-04-01 04:27:43.317656
ACC0027,ACC0026,922,2026-05-19 12:25:43.317656
ACC0187,ACC0065,4525,2026-05-20 10:00:43.317656
ACC0003,ACC0175,7198,2026-04-19 12:52:43.317656
ACC0126,ACC0008,4342,2026-05-17 14:33:43.317656
ACC0131,ACC0149,3552,2026-05-02 11:18:43.317656
ACC0199,ACC0173,1408,2026-05-09 17:33:43.317656
ACC0105,ACC0103,4277,2026-05-25 12:07:43.317656
ACC0166,ACC0042,2020,2026-05-15 09:56:43.317656
ACC0188,ACC0135,3694,2026-05-20 21:14:43.317656
ACC0195,ACC0068,1509,2026-03-26 15:18:43.317656
ACC0095,ACC0089,4666,2026-04-08 03:14:43.317656
ACC0000,ACC0187,4591,2026-05-21 09:56:43.317656
ACC0162,ACC0079,904,2026-04-06 20:35:43.317656
ACC0101,ACC0068,1379,2026-04-17 15:55:43.319663
ACC0040,ACC0133,3677,2026-05-19 05:01:43.319663
ACC0067,ACC0160,4788,2026-04-28 00:27:43.319663
ACC0161,ACC0125,2779,2026-04-14 13:50:43.319663
ACC0006,ACC0077,29557,2026-04-01 17:29:43.319663
ACC0122,ACC0140,4931,2026-04-25 11:52:43.319663
ACC0188,ACC0056,4053,2026-05-06 13:58:43.319663
ACC0022,ACC0179,3380,2026-05-29 18:19:43.319663
ACC0030,ACC0184,4716,2026-05-06 23:45:43.319663
ACC0166,ACC0081,4133,2026-03-23 09:04:43.319663
ACC0153,ACC0168,3530,2026-05-15 01:20:43.319663
ACC0074,ACC0172,1401,2026-04-25 15:39:43.319663
ACC0024,ACC0108,2151,2026-04-22 16:31:43.319663
ACC0060,ACC0133,541,2026-04-08 03:24:43.319663
ACC0135,ACC0051,2757,2026-04-09 19:00:43.319663
ACC0138,ACC0137,174,2026-04-22 13:39:43.319663
ACC0023,ACC0041,36889,2026-04-19 00:04:43.319663
ACC0067,ACC0155,2189,2026-05-04 23:49:43.319663
ACC0126,ACC0185,140,2026-05-09 13:39:43.319663
ACC0013,ACC0052,2181,2026-05-03 19:20:43.319663
ACC0125,ACC0073,4783,2026-05-30 10:10:43.319663
ACC0144,ACC0006,441,2026-04-18 21:56:43.319663
ACC0050,ACC0026,2174,2026-04-05 04:10:43.319663
ACC0006,ACC0039,22029,2026-05-11 03:10:43.319663
ACC0072,ACC0062,4363,2026-03-25 12:29:43.319663
ACC0137,ACC0013,554,2026-03-27 22:07:43.319663
ACC0020,ACC0101,1808,2026-05-23 10:48:43.319663
ACC0175,ACC0173,3069,2026-03-30 08:29:43.319663
ACC0011,ACC0004,4897,2026-05-06 06:35:43.319663
ACC0153,ACC0174,4325,2026-05-04 16:03:43.319663
ACC0161,ACC0095,1486,2026-04-19 02:32:43.319663
ACC0021,ACC0074,2966,2026-05-16 20:20:43.319663
ACC0017,ACC0035,16555,2026-03-31 20:22:43.319663
ACC0123,ACC0033,4989,2026-04-24 13:16:43.319663
ACC0036,ACC0042,248,2026-04-24 17:50:43.319663
ACC0078,ACC0146,29063,2026-04-11 07:17:43.319663
ACC0102,ACC0158,1236,2026-05-14 08:30:43.319663
ACC0009,ACC0093,2954,2026-03-25 04:33:43.319663
ACC0089,ACC0047,1350,2026-05-11 13:43:43.319663
ACC0159,ACC0057,4250,2026-05-15 11:22:43.319663
ACC0015,ACC0158,2811,2026-05-28 04:19:43.319663
ACC0116,ACC0183,4601,2026-03-30 11:13:43.319663
ACC0063,ACC0033,1885,2026-04-09 19:54:43.319663
ACC0035,ACC0072,1862,2026-05-09 08:05:43.319663
ACC0048,ACC0079,4020,2026-05-14 20:14:43.319663
ACC0025,ACC0058,4560,2026-05-04 13:02:43.319663
ACC0122,ACC0137,581,2026-04-28 16:48:43.319663
ACC0119,ACC0034,253,2026-05-30 11:48:43.319663
ACC0108,ACC0012,2220,2026-05-21 02:24:43.319663
ACC0026,ACC0000,2443,2026-05-05 05:28:43.319663
ACC0078,ACC0163,39008,2026-05-31 12:12:43.319663
ACC0192,ACC0109,1038,2026-04-03 12:33:43.319663
ACC0138,ACC0092,4220,2026-05-22 06:42:43.319663
ACC0094,ACC0157,4326,2026-05-12 00:07:43.319663
ACC0051,ACC0034,39020,2026-04-01 17:49:43.319663
ACC0135,ACC0139,271,2026-04-09 08:06:43.319663
ACC0110,ACC0141,3649,2026-05-17 06:11:43.319663
ACC0150,ACC0176,2422,2026-03-28 20:04:43.319663
ACC0103,ACC0070,3215,2026-04-13 04:46:43.319663
ACC0193,ACC0097,3104,2026-05-16 14:32:43.319663
ACC0047,ACC0170,429,2026-05-06 06:24:43.319663
ACC0193,ACC0037,3994,2026-04-21 20:58:43.319663
ACC0031,ACC0189,25491,2026-05-30 14:51:43.319663
ACC0065,ACC0141,3763,2026-03-29 19:45:43.319663
ACC0157,ACC0060,438,2026-04-11 22:41:43.319663
ACC0001,ACC0004,4162,2026-04-25 12:52:43.319663
ACC0095,ACC0043,3252,2026-05-30 08:02:43.319663
ACC0071,ACC0132,2521,2026-04-21 05:39:43.319663
ACC0027,ACC0018,3826,2026-03-29 15:12:43.319663
ACC0134,ACC0103,146,2026-05-12 03:37:43.319663
ACC0026,ACC0002,4973,2026-05-10 22:01:43.319663
ACC0158,ACC0002,4906,2026-05-23 02:10:43.319663
ACC0194,ACC0153,27297,2026-04-22 11:16:43.319663
ACC0056,ACC0041,3257,2026-03-26 22:55:43.319663
ACC0026,ACC0022,490,2026-04-30 10:19:43.319663
ACC0183,ACC0165,42198,2026-05-25 10:12:43.319663
ACC0006,ACC0128,29070,2026-04-13 02:24:43.319663
ACC0148,ACC0064,3030,2026-04-05 14:33:43.319663
ACC0039,ACC0089,1621,2026-05-02 12:46:43.319663
ACC0070,ACC0126,4922,2026-03-23 05:48:43.319663
ACC0188,ACC0019,3394,2026-04-23 21:15:43.319663
ACC0032,ACC0132,2519,2026-05-13 20:02:43.319663
ACC0074,ACC0054,3142,2026-05-05 16:07:43.319663
ACC0036,ACC0132,1566,2026-04-15 14:42:43.319663
ACC0033,ACC0008,1282,2026-04-25 04:17:43.319663
ACC0149,ACC0099,2767,2026-03-25 13:49:43.319663
ACC0144,ACC0029,230,2026-03-26 07:10:43.319663
ACC0031,ACC0151,7983,2026-03-25 00:31:43.319663
ACC0138,ACC0027,4378,2026-05-15 05:22:43.319663
ACC0092,ACC0154,4559,2026-05-03 01:54:43.319663
ACC0198,ACC0179,4059,2026-05-26 22:32:43.319663
ACC0044,ACC0114,3687,2026-04-23 14:52:43.319663
ACC0018,ACC0066,1020,2026-05-26 07:08:43.319663
ACC0046,ACC0091,2869,2026-03-27 02:49:43.319663
ACC0084,ACC0004,592,2026-04-06 11:59:43.319663
ACC0035,ACC0094,1231,2026-04-05 11:07:43.319663
ACC0147,ACC0002,3621,2026-04-10 03:14:43.319663
ACC0023,ACC0112,5545,2026-05-11 02:42:43.319663
ACC0013,ACC0025,1904,2026-05-12 06:04:43.319663
ACC0132,ACC0152,3910,2026-03-25 19:10:43.319663
ACC0143,ACC0087,913,2026-05-20 04:21:43.319663
ACC0082,ACC0069,4224,2026-05-10 23:23:43.319663
ACC0129,ACC0113,2132,2026-04-18 13:16:43.319663
ACC0193,ACC0114,4513,2026-04-10 04:20:43.319663
ACC0057,ACC0040,4943,2026-05-22 12:48:43.319663
ACC0130,ACC0020,371,2026-04-02 05:21:43.319663
ACC0102,ACC0183,1871,2026-04-20 20:26:43.319663
ACC0082,ACC0047,2524,2026-04-26 18:40:43.319663
ACC0158,ACC0012,3530,2026-05-22 17:56:43.319663
ACC0098,ACC0024,2724,2026-05-08 19:39:43.319663
ACC0112,ACC0077,3860,2026-05-30 03:02:43.319663
ACC0028,ACC0049,3600,2026-05-07 23:39:43.319663
ACC0085,ACC0042,475,2026-05-09 00:59:43.319663
ACC0186,ACC0142,2133,2026-04-22 22:13:43.319663
ACC0094,ACC0009,245,2026-05-03 08:32:43.319663
ACC0071,ACC0150,531,2026-03-29 11:36:43.319663
ACC0013,ACC0080,2732,2026-05-28 10:18:43.319663
ACC0040,ACC0177,1063,2026-03-24 21:33:43.319663
ACC0097,ACC0032,2334,2026-05-01 16:31:43.319663
ACC0082,ACC0066,1928,2026-04-30 06:44:43.319663
ACC0180,ACC0096,1038,2026-03-24 17:33:43.319663
ACC0163,ACC0165,4905,2026-05-30 23:46:43.319663
ACC0154,ACC0004,1563,2026-04-22 05:14:43.319663
ACC0020,ACC0081,3515,2026-05-10 21:15:43.319663
ACC0034,ACC0196,39636,2026-04-05 22:15:43.319663
ACC0147,ACC0057,4967,2026-04-23 11:10:43.319663
ACC0155,ACC0103,984,2026-04-16 13:58:43.319663
ACC0072,ACC0075,3664,2026-05-07 19:55:43.319663
ACC0106,ACC0006,3501,2026-05-03 17:50:43.319663
ACC0060,ACC0103,4421,2026-04-04 00:16:43.319663
ACC0086,ACC0102,2900,2026-04-22 23:18:43.319663
ACC0050,ACC0194,3945,2026-04-05 00:20:43.319663
ACC0049,ACC0104,1896,2026-04-10 07:31:43.319663
ACC0159,ACC0177,826,2026-04-29 04:32:43.319663
ACC0057,ACC0081,3270,2026-04-18 03:49:43.319663
ACC0128,ACC0116,2013,2026-05-10 09:44:43.319663
ACC0087,ACC0172,1696,2026-05-01 18:38:43.319663
ACC0167,ACC0015,2566,2026-05-13 21:27:43.319663
ACC0178,ACC0023,2209,2026-05-14 11:34:43.319663
ACC0176,ACC0002,4355,2026-05-26 01:26:43.319663
ACC0172,ACC0049,4169,2026-04-24 00:44:43.319663
ACC0034,ACC0186,12287,2026-05-08 04:12:43.319663
ACC0185,ACC0055,2130,2026-04-19 12:48:43.319663
ACC0145,ACC0043,2476,2026-05-07 10:51:43.319663
ACC0018,ACC0014,1480,2026-05-19 06:38:43.319663
ACC0000,ACC0056,1740,2026-05-14 23:18:43.319663
ACC0144,ACC0102,2782,2026-03-24 14:52:43.319663
ACC0171,ACC0128,1318,2026-03-30 21:11:43.319663
ACC0039,ACC0177,1455,2026-03-27 00:15:43.319663
ACC0077,ACC0154,4716,2026-04-29 05:30:43.319663
ACC0137,ACC0025,4235,2026-05-02 00:32:43.319663
ACC0018,ACC0001,1518,2026-04-26 18:06:43.319663
ACC0114,ACC0013,1083,2026-05-08 02:50:43.319663
ACC0156,ACC0035,4233,2026-04-05 20:33:43.319663
ACC0068,ACC0131,4072,2026-04-12 08:41:43.319663
ACC0106,ACC0057,1013,2026-03-26 19:31:43.319663
ACC0088,ACC0178,136,2026-05-24 16:09:43.319663
ACC0103,ACC0096,3120,2026-05-02 13:17:43.319663
ACC0172,ACC0187,4136,2026-04-01 03:24:43.319663
ACC0037,ACC0106,4788,2026-05-24 22:36:43.319663
ACC0051,ACC0095,7396,2026-04-03 03:50:43.319663
ACC0087,ACC0113,2845,2026-05-30 10:41:43.319663
ACC0129,ACC0158,3211,2026-05-10 07:51:43.319663
ACC0082,ACC0177,4030,2026-03-28 14:04:43.319663
ACC0163,ACC0102,1412,2026-04-01 16:01:43.319663
ACC0182,ACC0148,12314,2026-05-17 22:09:43.319663
ACC0076,ACC0093,2239,2026-03-25 07:26:43.319663
ACC0075,ACC0094,1804,2026-05-08 13:02:43.319663
ACC0156,ACC0128,2704,2026-03-24 18:08:43.319663
ACC0005,ACC0160,1816,2026-04-01 16:26:43.319663
ACC0030,ACC0162,3838,2026-05-29 20:03:43.319663
ACC0065,ACC0177,4895,2026-05-15 21:38:43.319663
ACC0054,ACC0135,656,2026-04-09 18:39:43.319663
ACC0181,ACC0095,2908,2026-04-27 10:14:43.319663
ACC0106,ACC0014,4621,2026-05-29 15:53:43.319663
ACC0161,ACC0146,3608,2026-05-06 04:43:43.319663
ACC0176,ACC0065,1674,2026-03-28 11:51:43.319663
ACC0155,ACC0132,2503,2026-04-27 15:07:43.319663
ACC0092,ACC0123,688,2026-03-28 13:48:43.319663
ACC0107,ACC0108,31123,2026-05-08 14:10:43.319663
ACC0050,ACC0061,2085,2026-03-31 22:49:43.319663
ACC0189,ACC0025,3217,2026-04-09 04:14:43.319663
ACC0082,ACC0162,1236,2026-05-07 08:40:43.319663
ACC0019,ACC0120,4555,2026-05-09 08:26:43.319663
ACC0147,ACC0031,4895,2026-05-05 15:21:43.319663
ACC0121,ACC0092,4870,2026-05-30 20:25:43.319663
ACC0149,ACC0091,2614,2026-04-28 13:15:43.319663
ACC0165,ACC0066,3626,2026-05-11 05:35:43.319663
ACC0124,ACC0057,1347,2026-05-22 07:51:43.319663
ACC0124,ACC0185,4002,2026-05-30 13:17:43.319663
ACC0142,ACC0106,38339,2026-03-29 02:35:43.319663
ACC0190,ACC0096,2184,2026-05-28 00:28:43.319663
ACC0052,ACC0061,377,2026-05-22 04:05:43.319663
ACC0085,ACC0131,1987,2026-04-29 22:13:43.319663
ACC0055,ACC0103,1365,2026-05-26 08:21:43.319663
ACC0014,ACC0149,4926,2026-04-26 16:40:43.319663
ACC0193,ACC0172,1017,2026-04-17 04:24:43.319663
ACC0084,ACC0046,985,2026-05-16 23:59:43.319663
ACC0056,ACC0169,3291,2026-04-14 09:43:43.319663
ACC0041,ACC0124,4899,2026-05-14 06:52:43.319663
ACC0028,ACC0167,4911,2026-04-07 17:57:43.319663
ACC0114,ACC0011,862,2026-03-31 22:46:43.319663
ACC0165,ACC0011,2528,2026-05-12 17:49:43.319663
ACC0194,ACC0065,26510,2026-04-21 17:00:43.319663
ACC0033,ACC0064,1006,2026-04-30 22:48:43.319663
ACC0077,ACC0111,4099,2026-03-27 21:26:43.319663
ACC0055,ACC0051,2606,2026-05-11 05:51:43.319663
ACC0091,ACC0045,3709,2026-05-23 09:27:43.319663
ACC0132,ACC0117,1553,2026-05-22 12:07:43.319663
ACC0061,ACC0003,3456,2026-05-21 15:04:43.319663
ACC0112,ACC0019,138,2026-04-13 17:14:43.319663
ACC0106,ACC0110,986,2026-04-08 19:40:43.319663
ACC0066,ACC0087,1198,2026-05-15 07:01:43.319663
ACC0023,ACC0009,18261,2026-04-25 05:25:43.319663
ACC0167,ACC0147,3193,2026-04-07 21:34:43.319663
ACC0040,ACC0141,3878,2026-04-30 16:59:43.319663
ACC0038,ACC0057,3611,2026-03-24 13:49:43.319663
ACC0175,ACC0183,1088,2026-04-24 13:24:43.319663
ACC0068,ACC0166,4126,2026-04-24 12:21:43.319663
ACC0020,ACC0023,1782,2026-04-17 12:16:43.319663
ACC0007,ACC0089,4765,2026-05-17 16:10:43.319663
ACC0021,ACC0015,3333,2026-05-30 04:12:43.319663
ACC0190,ACC0141,1955,2026-04-02 12:56:43.319663
ACC0123,ACC0161,892,2026-04-04 02:41:43.319663
ACC0137,ACC0037,1909,2026-05-05 01:14:43.319663
ACC0041,ACC0191,2355,2026-04-02 03:42:43.319663
ACC0015,ACC0158,1707,2026-05-16 13:49:43.319663
ACC0077,ACC0032,1084,2026-05-27 12:56:43.319663
ACC0047,ACC0044,3776,2026-04-13 16:36:43.319663
ACC0058,ACC0107,13711,2026-04-09 22:34:43.319663
ACC0182,ACC0052,22434,2026-04-02 03:19:43.319663
ACC0083,ACC0105,4544,2026-04-03 23:53:43.319663
ACC0093,ACC0136,792,2026-05-27 14:57:43.319663
ACC0184,ACC0168,3999,2026-04-24 07:27:43.319663
ACC0122,ACC0052,3046,2026-05-20 23:01:43.319663
ACC0100,ACC0109,626,2026-04-13 19:12:43.319663
ACC0056,ACC0127,2353,2026-05-23 12:56:43.319663
ACC0089,ACC0173,4065,2026-04-06 15:09:43.319663
ACC0153,ACC0066,1975,2026-05-07 13:41:43.319663
ACC0127,ACC0131,620,2026-04-16 02:17:43.319663
ACC0052,ACC0136,1116,2026-05-28 00:03:43.319663
ACC0117,ACC0040,216,2026-04-23 14:57:43.319663
ACC0036,ACC0160,683,2026-05-10 21:13:43.319663
ACC0019,ACC0099,3888,2026-04-19 19:20:43.319663
ACC0095,ACC0146,4267,2026-05-13 02:03:43.319663
ACC0029,ACC0059,4533,2026-04-03 16:43:43.319663
ACC0151,ACC0120,46125,2026-05-13 09:29:43.319663
ACC0057,ACC0051,828,2026-04-16 21:44:43.319663
ACC0009,ACC0097,2143,2026-05-17 06:11:43.319663
ACC0051,ACC0147,35087,2026-04-26 21:02:43.319663
ACC0109,ACC0131,313,2026-04-13 10:14:43.319663
ACC0043,ACC0095,1676,2026-05-01 09:44:43.319663
ACC0123,ACC0105,3036,2026-04-25 06:03:43.319663
ACC0034,ACC0009,43559,2026-04-09 22:33:43.319663
ACC0102,ACC0168,2820,2026-04-09 20:31:43.319663
ACC0021,ACC0197,1035,2026-05-15 23:21:43.319663
ACC0030,ACC0100,4437,2026-04-17 11:09:43.319663
ACC0140,ACC0152,101,2026-05-27 03:04:43.319663
ACC0085,ACC0187,2948,2026-04-30 07:08:43.319663
ACC0010,ACC0002,2049,2026-03-30 23:40:43.319663
ACC0027,ACC0077,1017,2026-04-25 05:06:43.319663
ACC0170,ACC0169,2341,2026-04-05 06:11:43.319663
ACC0002,ACC0095,189,2026-04-26 05:31:43.319663
ACC0006,ACC0124,15361,2026-04-04 16:07:43.319663
ACC0156,ACC0160,4338,2026-04-13 22:15:43.319663
ACC0055,ACC0186,205,2026-05-25 05:54:43.319663
ACC0041,ACC0040,527,2026-04-17 23:04:43.319663
ACC0006,ACC0055,11090,2026-04-21 12:12:43.319663
ACC0055,ACC0050,734,2026-05-30 05:07:43.319663
ACC0041,ACC0049,2156,2026-05-13 11:37:43.319663
ACC0179,ACC0043,652,2026-04-16 11:51:43.319663
ACC0008,ACC0004,815,2026-05-13 07:03:43.319663
ACC0142,ACC0075,8389,2026-05-13 17:09:43.319663
ACC0132,ACC0017,4306,2026-05-14 07:26:43.319663
ACC0093,ACC0095,2530,2026-05-13 01:22:43.319663
ACC0127,ACC0023,558,2026-04-29 11:49:43.319663
ACC0174,ACC0087,307,2026-04-15 09:57:43.321670
ACC0197,ACC0039,16653,2026-05-12 03:11:43.321670
ACC0145,ACC0094,121,2026-04-10 01:35:43.321670
ACC0014,ACC0166,994,2026-03-23 22:14:43.321670
ACC0031,ACC0089,26288,2026-03-26 12:31:43.321670
ACC0130,ACC0024,4209,2026-05-20 21:59:43.321670
ACC0175,ACC0169,2234,2026-05-30 11:12:43.321670
ACC0081,ACC0171,1366,2026-05-12 23:27:43.321670
ACC0080,ACC0091,3738,2026-04-25 00:53:43.321670
ACC0038,ACC0105,4880,2026-04-03 07:45:43.321670
ACC0040,ACC0187,3904,2026-05-29 21:56:43.321670
ACC0034,ACC0009,9790,2026-03-28 08:25:43.321670
ACC0055,ACC0019,406,2026-03-30 02:53:43.321670
ACC0017,ACC0066,25049,2026-04-08 23:15:43.321670
ACC0024,ACC0099,761,2026-05-05 13:40:43.321670
ACC0168,ACC0178,411,2026-05-29 12:32:43.321670
ACC0181,ACC0144,1182,2026-04-19 15:57:43.321670
ACC0028,ACC0172,854,2026-03-27 02:30:43.321670
ACC0055,ACC0153,4640,2026-05-20 05:23:43.321670
ACC0047,ACC0069,452,2026-05-10 16:45:43.321670
ACC0141,ACC0134,3988,2026-04-11 04:11:43.321670
ACC0129,ACC0132,258,2026-04-20 08:31:43.321670
ACC0192,ACC0168,1056,2026-04-10 01:41:43.321670
ACC0170,ACC0116,4711,2026-05-13 12:29:43.321670
ACC0038,ACC0181,3553,2026-05-04 03:49:43.321670
ACC0153,ACC0122,1055,2026-05-04 10:09:43.321670
ACC0097,ACC0197,1812,2026-04-05 10:14:43.321670
ACC0015,ACC0126,4803,2026-04-16 07:44:43.321670
ACC0132,ACC0197,1373,2026-05-09 10:12:43.321670
ACC0138,ACC0083,3911,2026-05-01 06:47:43.321670
ACC0092,ACC0049,2482,2026-05-13 11:35:43.321670
ACC0012,ACC0189,3079,2026-04-30 01:22:43.321670
ACC0119,ACC0099,4109,2026-05-11 02:46:43.321670
ACC0071,ACC0039,1494,2026-04-30 03:11:43.321670
ACC0042,ACC0067,1369,2026-04-01 09:00:43.321670
ACC0007,ACC0179,3814,2026-04-27 23:08:43.321670
ACC0071,ACC0143,629,2026-04-02 14:34:43.321670
ACC0094,ACC0116,3014,2026-05-17 16:17:43.321670
ACC0099,ACC0153,2247,2026-05-15 09:13:43.321670
ACC0196,ACC0052,4673,2026-05-23 12:31:43.321670
ACC0109,ACC0136,1039,2026-04-15 16:11:43.321670
ACC0062,ACC0149,101,2026-05-08 12:50:43.321670
ACC0106,ACC0194,2440,2026-04-16 21:08:43.321670
ACC0098,ACC0125,4105,2026-05-28 07:44:43.321670
ACC0019,ACC0001,2465,2026-04-26 08:35:43.321670
ACC0065,ACC0008,4576,2026-03-23 03:22:43.321670
ACC0056,ACC0041,113,2026-04-12 20:17:43.321670
ACC0027,ACC0015,2378,2026-04-28 20:48:43.321670
ACC0100,ACC0023,3255,2026-04-13 09:22:43.321670
ACC0055,ACC0120,3316,2026-04-19 00:00:43.321670
ACC0196,ACC0021,2140,2026-04-14 13:43:43.321670
ACC0154,ACC0169,1352,2026-05-21 23:52:43.321670
ACC0135,ACC0053,4655,2026-04-18 22:25:43.321670
ACC0078,ACC0124,37419,2026-05-22 19:24:43.321670
ACC0108,ACC0013,3474,2026-04-25 06:39:43.321670
ACC0044,ACC0000,3878,2026-05-08 08:35:43.321670
ACC0006,ACC0126,21653,2026-04-08 12:25:43.321670
ACC0072,ACC0166,2093,2026-04-12 01:32:43.321670
ACC0175,ACC0093,2991,2026-05-17 18:56:43.321670
ACC0016,ACC0197,1380,2026-05-27 04:36:43.321670
ACC0014,ACC0119,2460,2026-04-04 06:17:43.321670
ACC0092,ACC0063,1407,2026-04-02 10:40:43.321670
ACC0059,ACC0161,3278,2026-04-23 05:08:43.321670
ACC0180,ACC0005,2834,2026-04-11 19:00:43.321670
ACC0152,ACC0124,2312,2026-03-28 08:08:43.321670
ACC0001,ACC0160,3668,2026-05-24 17:05:43.321670
ACC0081,ACC0033,1679,2026-04-06 05:21:43.321670
ACC0043,ACC0003,2303,2026-04-03 16:42:43.321670
ACC0084,ACC0154,1842,2026-05-18 20:03:43.321670
ACC0044,ACC0047,719,2026-04-03 18:38:43.321670
ACC0072,ACC0084,1056,2026-05-07 10:45:43.321670
ACC0064,ACC0153,4053,2026-04-04 22:15:43.321670
ACC0129,ACC0061,1068,2026-04-28 11:38:43.321670
ACC0011,ACC0126,1416,2026-03-29 05:57:43.321670
ACC0168,ACC0045,381,2026-05-12 12:12:43.321670
ACC0028,ACC0034,1158,2026-04-01 16:19:43.321670
ACC0032,ACC0016,2632,2026-05-11 19:48:43.321670
ACC0093,ACC0058,1108,2026-04-16 23:34:43.321670
ACC0117,ACC0143,1329,2026-05-13 18:21:43.321670
ACC0045,ACC0018,4685,2026-05-02 21:57:43.321670
ACC0040,ACC0013,2840,2026-05-07 04:55:43.321670
ACC0036,ACC0031,1339,2026-04-15 22:51:43.321670
ACC0173,ACC0168,4165,2026-04-30 02:40:43.321670
ACC0034,ACC0051,28857,2026-04-19 01:00:43.321670
ACC0178,ACC0165,1308,2026-05-20 20:34:43.321670
ACC0176,ACC0125,3349,2026-05-25 05:22:43.321670
ACC0133,ACC0177,4023,2026-05-04 10:10:43.321670
ACC0063,ACC0016,4503,2026-05-30 04:23:43.321670
ACC0165,ACC0181,2893,2026-04-04 01:01:43.321670
ACC0104,ACC0064,9470,2026-05-24 10:47:43.321670
ACC0058,ACC0171,47324,2026-05-15 10:36:43.321670
ACC0048,ACC0094,4712,2026-04-27 23:52:43.321670
ACC0081,ACC0050,2574,2026-03-31 10:23:43.321670
ACC0135,ACC0143,3585,2026-04-23 01:43:43.321670
ACC0148,ACC0024,4149,2026-04-05 06:32:43.321670
ACC0129,ACC0015,3819,2026-04-15 19:54:43.321670
ACC0044,ACC0101,4052,2026-03-26 17:17:43.321670
ACC0001,ACC0111,1086,2026-05-01 19:29:43.321670
ACC0148,ACC0169,4540,2026-04-24 00:11:43.321670
ACC0070,ACC0040,3172,2026-05-09 09:42:43.321670
ACC0069,ACC0132,3224,2026-05-02 04:25:43.321670
ACC0088,ACC0126,2508,2026-05-25 21:47:43.321670
ACC0034,ACC0117,41059,2026-04-13 05:43:43.321670
ACC0144,ACC0147,803,2026-05-27 14:08:43.321670
ACC0022,ACC0135,3332,2026-04-10 14:08:43.321670
ACC0114,ACC0176,4883,2026-04-11 05:32:43.321670
ACC0035,ACC0125,2732,2026-04-02 10:02:43.321670
ACC0030,ACC0125,588,2026-05-03 20:30:43.321670
ACC0127,ACC0108,1447,2026-05-11 07:07:43.321670
ACC0057,ACC0049,1767,2026-03-28 20:03:43.321670
ACC0153,ACC0052,4214,2026-04-16 10:27:43.321670
ACC0076,ACC0069,3653,2026-04-10 15:35:43.321670
ACC0088,ACC0142,1100,2026-05-13 21:26:43.321670
ACC0194,ACC0183,22772,2026-05-28 23:20:43.321670
ACC0142,ACC0092,6367,2026-03-28 20:16:43.321670
ACC0152,ACC0160,2872,2026-05-28 23:06:43.321670
ACC0181,ACC0115,3247,2026-05-25 05:24:43.321670
ACC0132,ACC0084,4086,2026-05-06 19:09:43.321670
ACC0101,ACC0169,1540,2026-05-25 08:25:43.321670
ACC0120,ACC0084,3668,2026-03-25 12:06:43.321670
ACC0118,ACC0119,3438,2026-04-08 06:09:43.321670
ACC0013,ACC0196,2989,2026-05-13 19:35:43.321670
ACC0034,ACC0085,40757,2026-04-07 16:16:43.321670
ACC0062,ACC0189,1126,2026-05-15 20:20:43.321670
ACC0186,ACC0100,3965,2026-05-27 01:21:43.321670
ACC0172,ACC0089,2963,2026-03-28 14:53:43.321670
ACC0142,ACC0059,36348,2026-04-16 14:20:43.321670
ACC0107,ACC0023,6177,2026-05-28 05:52:43.321670
ACC0132,ACC0079,111,2026-05-16 12:36:43.321670
ACC0116,ACC0183,4499,2026-05-23 12:36:43.321670
ACC0123,ACC0038,3122,2026-05-23 12:29:43.321670
ACC0103,ACC0113,2930,2026-04-10 07:42:43.321670
ACC0023,ACC0095,30519,2026-05-12 19:46:43.321670
ACC0196,ACC0122,2645,2026-05-12 19:25:43.321670
ACC0102,ACC0167,1104,2026-05-14 11:16:43.321670
ACC0030,ACC0002,506,2026-04-17 00:46:43.321670
ACC0060,ACC0087,1114,2026-04-12 23:05:43.321670
ACC0172,ACC0130,1938,2026-03-27 18:12:43.321670
ACC0069,ACC0022,814,2026-05-05 21:58:43.321670
ACC0005,ACC0025,3954,2026-04-30 00:53:43.321670
ACC0043,ACC0047,4984,2026-05-05 09:42:43.321670
ACC0193,ACC0050,1063,2026-05-26 14:01:43.321670
ACC0152,ACC0178,472,2026-03-27 10:45:43.321670
ACC0055,ACC0103,2641,2026-05-06 06:54:43.321670
ACC0176,ACC0146,1792,2026-04-11 06:02:43.321670
ACC0099,ACC0124,205,2026-04-23 13:41:43.321670
ACC0182,ACC0167,47641,2026-05-23 00:23:43.321670
ACC0038,ACC0177,4116,2026-05-01 06:36:43.321670
ACC0137,ACC0129,2237,2026-04-01 13:47:43.321670
ACC0100,ACC0007,3630,2026-03-23 09:22:43.321670
ACC0062,ACC0116,3279,2026-04-27 17:19:43.321670
ACC0037,ACC0074,3754,2026-03-30 17:30:43.321670
ACC0022,ACC0008,2459,2026-04-27 23:04:43.321670
ACC0148,ACC0160,544,2026-05-27 01:51:43.321670
ACC0192,ACC0075,135,2026-05-23 02:43:43.321670
ACC0157,ACC0045,1898,2026-04-20 10:43:43.321670
ACC0015,ACC0098,1508,2026-05-16 11:57:43.321670
ACC0194,ACC0026,10495,2026-05-01 22:04:43.321670
ACC0085,ACC0024,3038,2026-03-31 07:08:43.321670
ACC0149,ACC0037,1400,2026-03-30 21:23:43.321670
ACC0088,ACC0197,1343,2026-03-27 05:04:43.321670
ACC0119,ACC0042,3197,2026-05-05 14:08:43.321670
ACC0160,ACC0144,21393,2026-04-08 15:59:43.321670
ACC0065,ACC0109,1760,2026-05-09 17:51:43.321670
ACC0040,ACC0022,2731,2026-04-11 16:01:43.321670
ACC0074,ACC0037,4915,2026-05-07 21:08:43.321670
ACC0177,ACC0140,4245,2026-04-22 18:46:43.321670
ACC0044,ACC0193,3783,2026-05-26 12:45:43.321670
ACC0186,ACC0062,3373,2026-03-30 19:12:43.321670
ACC0005,ACC0176,245,2026-04-04 21:41:43.321670
ACC0005,ACC0185,3140,2026-04-16 23:38:43.321670
ACC0084,ACC0044,1684,2026-05-19 07:19:43.321670
ACC0009,ACC0069,4868,2026-05-19 17:38:43.321670
ACC0110,ACC0001,761,2026-04-07 22:01:43.321670
ACC0084,ACC0147,2952,2026-05-20 10:18:43.321670
ACC0164,ACC0156,2566,2026-05-08 02:37:43.321670
ACC0109,ACC0188,1646,2026-04-21 06:39:43.321670
ACC0140,ACC0156,1068,2026-05-12 15:39:43.321670
ACC0048,ACC0073,1200,2026-04-21 10:08:43.321670
ACC0146,ACC0022,869,2026-05-19 05:45:43.321670
ACC0167,ACC0090,4458,2026-04-16 08:04:43.321670
ACC0144,ACC0180,3829,2026-03-27 06:14:43.321670
ACC0122,ACC0059,1677,2026-05-09 05:55:43.321670
ACC0087,ACC0013,4108,2026-03-24 11:20:43.321670
ACC0089,ACC0040,3451,2026-05-11 03:41:43.321670
ACC0110,ACC0108,2449,2026-04-19 05:26:43.321670
ACC0038,ACC0163,1341,2026-05-08 00:19:43.321670
ACC0068,ACC0112,2701,2026-05-10 00:25:43.321670
ACC0139,ACC0032,1290,2026-05-04 02:20:43.321670
ACC0086,ACC0049,4231,2026-04-10 14:13:43.321670
ACC0159,ACC0162,172,2026-05-09 18:25:43.321670
ACC0089,ACC0107,2014,2026-04-14 07:44:43.321670
ACC0123,ACC0185,3146,2026-04-11 09:12:43.321670
ACC0121,ACC0041,3813,2026-04-12 12:45:43.321670
ACC0033,ACC0009,2664,2026-04-14 07:41:43.321670
ACC0070,ACC0021,3710,2026-05-28 14:17:43.321670
ACC0121,ACC0177,2923,2026-04-22 06:43:43.321670
ACC0068,ACC0136,1835,2026-04-10 07:18:43.321670
ACC0127,ACC0171,3161,2026-04-30 05:19:43.321670
ACC0154,ACC0146,441,2026-03-24 09:55:43.321670
ACC0019,ACC0145,2874,2026-05-18 05:11:43.321670
ACC0136,ACC0115,2761,2026-04-20 20:56:43.321670
ACC0180,ACC0135,3974,2026-05-24 19:46:43.321670
ACC0005,ACC0165,4311,2026-03-24 19:29:43.321670
ACC0053,ACC0180,761,2026-04-30 09:49:43.321670
ACC0078,ACC0185,35137,2026-04-19 05:09:43.321670
ACC0144,ACC0127,1968,2026-04-27 19:08:43.321670
ACC0199,ACC0039,2434,2026-04-13 16:42:43.321670
ACC0056,ACC0024,1116,2026-05-11 10:10:43.321670
ACC0037,ACC0183,307,2026-03-30 22:19:43.321670
ACC0149,ACC0113,732,2026-04-13 21:33:43.321670
ACC0073,ACC0013,4852,2026-04-29 06:33:43.321670
ACC0085,ACC0167,2031,2026-05-17 14:09:43.321670
ACC0139,ACC0195,2662,2026-03-23 02:49:43.321670
ACC0176,ACC0060,336,2026-04-10 20:50:43.321670
ACC0099,ACC0135,4543,2026-04-22 17:10:43.321670
ACC0150,ACC0190,4825,2026-03-28 21:40:43.321670
ACC0116,ACC0062,4043,2026-04-18 00:01:43.321670
ACC0164,ACC0181,463,2026-05-18 12:40:43.321670
ACC0075,ACC0147,385,2026-03-24 04:20:43.321670
ACC0114,ACC0158,4137,2026-04-22 11:19:43.321670
ACC0092,ACC0198,4651,2026-03-28 17:54:43.321670
ACC0070,ACC0141,4995,2026-04-08 09:13:43.321670
ACC0013,ACC0187,2607,2026-04-16 08:51:43.321670
ACC0123,ACC0024,1623,2026-05-18 05:43:43.321670
ACC0074,ACC0101,2656,2026-05-20 07:49:43.321670
ACC0176,ACC0045,4676,2026-05-27 12:50:43.321670
ACC0063,ACC0179,1701,2026-04-02 23:44:43.321670
ACC0114,ACC0018,440,2026-05-06 20:07:43.321670
ACC0039,ACC0013,2596,2026-04-23 06:38:43.321670
ACC0058,ACC0033,43067,2026-05-01 21:47:43.321670
ACC0148,ACC0055,1789,2026-05-06 12:37:43.321670
ACC0173,ACC0117,4506,2026-03-29 18:59:43.321670
ACC0182,ACC0050,22826,2026-03-29 16:35:43.321670
ACC0122,ACC0108,2290,2026-05-28 11:15:43.321670
ACC0004,ACC0060,343,2026-04-18 13:03:43.321670
ACC0175,ACC0022,4207,2026-03-24 19:54:43.321670
ACC0124,ACC0013,660,2026-05-22 23:43:43.321670
ACC0039,ACC0064,2825,2026-05-14 01:43:43.321670
ACC0037,ACC0045,1926,2026-04-08 02:35:43.321670
ACC0098,ACC0085,3387,2026-04-30 06:39:43.321670
ACC0181,ACC0068,233,2026-04-25 05:42:43.321670
ACC0170,ACC0069,4019,2026-05-09 12:02:43.321670
ACC0095,ACC0158,172,2026-04-07 05:30:43.321670
ACC0031,ACC0071,29226,2026-05-26 21:11:43.321670
ACC0103,ACC0155,4325,2026-04-25 08:22:43.321670
ACC0146,ACC0029,4461,2026-05-27 14:56:43.321670
ACC0007,ACC0069,2085,2026-04-09 19:12:43.321670
ACC0195,ACC0082,4359,2026-04-10 06:50:43.321670
ACC0107,ACC0127,10901,2026-05-09 15:20:43.321670
ACC0199,ACC0032,1233,2026-05-09 23:37:43.321670
ACC0135,ACC0034,337,2026-05-21 07:56:43.321670
ACC0028,ACC0122,3046,2026-05-07 00:54:43.321670
ACC0087,ACC0033,2060,2026-05-15 06:43:43.321670
ACC0195,ACC0173,1148,2026-04-12 00:44:43.321670
ACC0064,ACC0173,2629,2026-05-19 12:05:43.321670
ACC0018,ACC0038,636,2026-05-09 10:50:43.321670
ACC0156,ACC0143,4323,2026-05-23 07:21:43.321670
ACC0140,ACC0159,4287,2026-04-07 18:20:43.321670
ACC0047,ACC0031,642,2026-05-08 04:59:43.321670
ACC0121,ACC0020,3703,2026-04-25 07:24:43.321670
ACC0086,ACC0088,2594,2026-04-07 05:39:43.321670
ACC0069,ACC0009,2819,2026-05-18 20:44:43.321670
ACC0082,ACC0197,4238,2026-04-01 15:23:43.321670
ACC0097,ACC0043,3301,2026-03-28 02:10:43.321670
ACC0175,ACC0140,2053,2026-03-25 03:59:43.321670
ACC0058,ACC0041,44256,2026-04-22 21:15:43.321670
ACC0190,ACC0060,3950,2026-04-26 22:31:43.321670
ACC0188,ACC0092,2050,2026-03-26 02:18:43.321670
ACC0132,ACC0165,556,2026-05-05 06:26:43.321670
ACC0061,ACC0022,2230,2026-04-30 08:16:43.321670
ACC0029,ACC0150,4344,2026-04-12 06:08:43.321670
ACC0081,ACC0177,1279,2026-03-26 23:55:43.321670
ACC0165,ACC0032,3665,2026-05-25 05:58:43.321670
ACC0153,ACC0106,499,2026-05-15 09:01:43.321670
ACC0022,ACC0154,708,2026-03-24 19:33:43.323676
ACC0160,ACC0024,39406,2026-04-23 11:29:43.323676
ACC0090,ACC0062,2248,2026-04-15 01:54:43.323676
ACC0089,ACC0020,1503,2026-05-02 12:53:43.323676
ACC0000,ACC0048,3392,2026-03-23 23:49:43.323676
ACC0165,ACC0189,4319,2026-04-21 23:03:43.323676
ACC0199,ACC0195,1608,2026-05-09 01:41:43.323676
ACC0121,ACC0052,867,2026-04-25 23:56:43.323676
ACC0143,ACC0021,2239,2026-05-12 09:07:43.323676
ACC0193,ACC0197,1649,2026-05-09 21:38:43.323676
ACC0143,ACC0055,1864,2026-04-08 12:19:43.323676
ACC0198,ACC0166,3816,2026-04-18 12:43:43.323676
ACC0097,ACC0060,4581,2026-04-17 18:35:43.323676
ACC0088,ACC0011,2393,2026-04-10 15:38:43.323676
ACC0051,ACC0131,48668,2026-05-15 10:55:43.323676
ACC0062,ACC0147,1000,2026-03-25 15:52:43.323676
ACC0137,ACC0139,3184,2026-05-15 18:12:43.323676
ACC0145,ACC0153,2109,2026-03-29 19:19:43.323676
ACC0151,ACC0162,21052,2026-04-28 20:36:43.323676
ACC0058,ACC0197,5671,2026-05-31 10:29:43.323676
ACC0115,ACC0186,46424,2026-04-24 05:28:43.323676
ACC0065,ACC0148,4895,2026-05-24 03:58:43.323676
ACC0193,ACC0161,4898,2026-05-15 23:32:43.323676
ACC0115,ACC0050,34300,2026-03-30 03:11:43.323676
ACC0173,ACC0068,2657,2026-05-14 02:31:43.323676
ACC0149,ACC0016,4819,2026-03-27 07:25:43.323676
ACC0030,ACC0061,693,2026-05-16 19:29:43.323676
ACC0087,ACC0171,3904,2026-05-13 11:17:43.323676
ACC0039,ACC0023,3593,2026-04-23 03:16:43.323676
ACC0091,ACC0187,2544,2026-04-24 12:00:43.323676
ACC0030,ACC0146,116,2026-05-29 08:01:43.323676
ACC0061,ACC0143,492,2026-03-29 16:16:43.323676
ACC0131,ACC0085,671,2026-05-29 00:41:43.323676
ACC0162,ACC0042,1220,2026-03-30 16:15:43.323676
ACC0189,ACC0186,341,2026-05-17 11:11:43.323676
ACC0138,ACC0113,4195,2026-04-25 20:01:43.323676
ACC0022,ACC0050,888,2026-03-27 23:51:43.323676
ACC0180,ACC0046,875,2026-05-11 16:30:43.323676
ACC0053,ACC0105,2347,2026-05-15 06:00:43.323676
ACC0110,ACC0186,178,2026-04-10 10:16:43.323676
ACC0127,ACC0009,4026,2026-05-13 21:21:43.323676
ACC0097,ACC0068,2248,2026-05-02 09:21:43.323676
ACC0198,ACC0126,3371,2026-04-19 05:52:43.323676
ACC0054,ACC0139,4282,2026-04-17 10:22:43.323676
ACC0153,ACC0094,3556,2026-05-26 03:24:43.323676
ACC0190,ACC0196,3606,2026-03-30 08:22:43.323676
ACC0161,ACC0122,2811,2026-04-08 04:56:43.323676
ACC0036,ACC0191,1768,2026-05-20 01:41:43.323676
ACC0153,ACC0150,4427,2026-04-30 09:35:43.323676
ACC0191,ACC0193,2050,2026-04-27 23:17:43.323676
ACC0186,ACC0085,1774,2026-04-12 21:25:43.323676
ACC0013,ACC0084,4594,2026-04-17 02:05:43.323676
ACC0176,ACC0142,662,2026-05-12 00:14:43.323676
ACC0020,ACC0001,2589,2026-05-10 17:56:43.323676
ACC0023,ACC0167,46732,2026-04-08 13:37:43.323676
ACC0147,ACC0082,1673,2026-05-11 22:02:43.323676
ACC0162,ACC0082,3391,2026-05-14 23:04:43.323676
ACC0087,ACC0021,1346,2026-04-19 03:29:43.323676
ACC0133,ACC0135,3939,2026-05-07 03:28:43.323676
ACC0013,ACC0149,3109,2026-03-25 09:14:43.323676
ACC0133,ACC0183,3093,2026-03-29 07:18:43.323676
ACC0111,ACC0146,3732,2026-04-26 03:33:43.323676
ACC0022,ACC0162,1713,2026-05-01 23:12:43.323676
ACC0032,ACC0045,2316,2026-04-07 08:32:43.323676
ACC0139,ACC0114,477,2026-04-18 19:14:43.323676
ACC0051,ACC0143,25669,2026-05-26 18:02:43.323676
ACC0162,ACC0148,469,2026-04-29 00:15:43.323676
ACC0169,ACC0065,39964,2026-04-02 01:25:43.323676
ACC0172,ACC0148,751,2026-05-27 09:34:43.323676
ACC0023,ACC0024,26991,2026-05-19 15:19:43.323676
ACC0063,ACC0151,2521,2026-03-23 17:48:43.323676
ACC0159,ACC0167,1816,2026-05-04 10:01:43.323676
ACC0160,ACC0110,8983,2026-05-24 22:49:43.323676
ACC0014,ACC0088,3459,2026-04-16 20:13:43.323676
ACC0010,ACC0120,622,2026-05-19 19:27:43.323676
ACC0104,ACC0168,28953,2026-05-12 22:26:43.323676
ACC0172,ACC0097,4140,2026-05-16 03:44:43.323676
ACC0182,ACC0035,9583,2026-05-04 15:58:43.323676
ACC0064,ACC0090,3797,2026-03-28 00:03:43.323676
ACC0036,ACC0170,4183,2026-05-29 20:11:43.323676
ACC0120,ACC0021,3343,2026-03-27 15:21:43.323676
ACC0020,ACC0199,785,2026-04-03 03:52:43.323676
ACC0030,ACC0031,4088,2026-04-07 12:38:43.323676
ACC0051,ACC0068,35841,2026-04-27 16:34:43.323676
ACC0169,ACC0055,15736,2026-05-05 09:49:43.323676
ACC0110,ACC0180,1356,2026-05-01 00:42:43.323676
ACC0099,ACC0093,2296,2026-05-12 01:48:43.323676
ACC0052,ACC0174,2808,2026-05-20 10:35:43.323676
ACC0049,ACC0121,401,2026-05-14 22:41:43.323676
ACC0084,ACC0066,746,2026-03-26 16:02:43.323676
ACC0137,ACC0183,1859,2026-03-26 22:49:43.323676
ACC0013,ACC0187,697,2026-04-21 06:27:43.323676
ACC0171,ACC0176,4430,2026-04-20 18:40:43.323676
ACC0180,ACC0169,2681,2026-05-15 07:25:43.323676
ACC0108,ACC0021,3968,2026-04-27 14:04:43.323676
ACC0019,ACC0023,3637,2026-05-22 11:35:43.323676
ACC0100,ACC0020,4408,2026-04-22 20:21:43.323676
ACC0101,ACC0180,382,2026-04-27 17:43:43.323676
ACC0175,ACC0082,3778,2026-03-28 22:34:43.323676
ACC0127,ACC0154,4182,2026-04-29 06:26:43.323676
ACC0143,ACC0054,4283,2026-05-10 21:33:43.323676
ACC0095,ACC0009,560,2026-05-28 22:38:43.323676
ACC0101,ACC0100,2568,2026-04-14 20:12:43.323676
ACC0006,ACC0000,6376,2026-05-25 12:06:43.323676
ACC0104,ACC0199,13894,2026-05-19 00:35:43.323676
ACC0132,ACC0087,2166,2026-04-04 15:30:43.323676
ACC0108,ACC0134,2560,2026-05-10 21:47:43.323676
ACC0073,ACC0110,1404,2026-04-22 08:25:43.323676
ACC0130,ACC0066,3400,2026-05-10 20:26:43.323676
ACC0116,ACC0132,461,2026-04-16 08:17:43.323676
ACC0034,ACC0044,27656,2026-04-23 06:05:43.323676
ACC0056,ACC0173,1384,2026-04-27 01:26:43.323676
ACC0028,ACC0164,548,2026-05-04 14:45:43.323676
ACC0062,ACC0099,1955,2026-03-26 12:31:43.323676
ACC0006,ACC0076,49522,2026-04-14 06:56:43.323676
ACC0199,ACC0045,3181,2026-05-07 19:16:43.323676
ACC0076,ACC0064,4067,2026-04-05 22:10:43.323676
ACC0154,ACC0051,1022,2026-04-08 04:07:43.323676
ACC0172,ACC0097,2259,2026-05-05 05:32:43.323676
ACC0131,ACC0168,2647,2026-04-02 14:13:43.323676
ACC0012,ACC0173,2381,2026-05-18 07:59:43.323676
ACC0050,ACC0025,413,2026-05-24 01:07:43.323676
ACC0004,ACC0000,3183,2026-05-12 22:00:43.323676
ACC0151,ACC0104,18944,2026-05-17 17:59:43.323676
ACC0013,ACC0075,2734,2026-05-06 00:41:43.323676
ACC0049,ACC0087,1878,2026-03-30 04:10:43.323676
ACC0173,ACC0166,3995,2026-05-15 01:10:43.323676
ACC0015,ACC0013,1224,2026-04-04 04:15:43.323676
ACC0049,ACC0175,2279,2026-05-24 21:16:43.323676
ACC0029,ACC0146,1143,2026-05-18 19:59:43.323676
ACC0013,ACC0022,1113,2026-05-15 02:07:43.323676
ACC0176,ACC0087,1928,2026-04-10 13:07:43.323676
ACC0149,ACC0051,2123,2026-04-20 00:36:43.323676
ACC0175,ACC0113,2185,2026-04-16 19:23:43.323676
ACC0155,ACC0193,4383,2026-05-08 01:04:43.323676
ACC0169,ACC0068,42804,2026-05-20 20:53:43.323676
ACC0041,ACC0104,2420,2026-05-12 06:26:43.323676
ACC0001,ACC0105,2730,2026-04-14 06:13:43.323676
ACC0024,ACC0096,3392,2026-03-26 18:19:43.323676
ACC0078,ACC0133,8586,2026-05-20 09:05:43.323676
ACC0055,ACC0076,4531,2026-05-15 10:07:43.323676
ACC0068,ACC0137,3047,2026-05-06 01:05:43.323676
ACC0175,ACC0137,2913,2026-04-15 22:15:43.323676
ACC0092,ACC0125,693,2026-05-21 16:06:43.323676
ACC0192,ACC0025,3359,2026-05-11 14:21:43.323676
ACC0136,ACC0187,3062,2026-04-13 16:26:43.323676
ACC0065,ACC0081,4601,2026-04-26 22:57:43.323676
ACC0012,ACC0073,1232,2026-04-18 02:53:43.323676
ACC0011,ACC0177,641,2026-05-16 09:35:43.323676
ACC0179,ACC0180,3074,2026-05-24 10:14:43.323676
ACC0097,ACC0087,531,2026-04-04 21:32:43.323676
ACC0007,ACC0109,4935,2026-05-27 18:03:43.323676
ACC0097,ACC0162,4378,2026-05-27 04:56:43.323676
ACC0199,ACC0056,1306,2026-04-08 14:16:43.323676
ACC0031,ACC0156,38937,2026-03-23 16:58:43.323676
ACC0129,ACC0009,1751,2026-04-26 15:04:43.323676
ACC0161,ACC0194,2910,2026-05-14 03:41:43.323676
ACC0004,ACC0074,2910,2026-04-09 10:18:43.323676
ACC0029,ACC0130,1119,2026-05-16 12:51:43.323676
ACC0187,ACC0046,1936,2026-04-07 09:28:43.323676
ACC0059,ACC0131,2548,2026-04-30 02:59:43.323676
ACC0047,ACC0125,1383,2026-04-26 23:01:43.323676
ACC0045,ACC0182,2110,2026-05-10 12:58:43.323676
ACC0142,ACC0132,23509,2026-04-21 16:14:43.323676
ACC0124,ACC0058,4797,2026-05-29 03:21:43.323676
ACC0049,ACC0084,936,2026-03-26 00:28:43.323676
ACC0116,ACC0135,237,2026-05-07 08:07:43.323676
ACC0006,ACC0056,33272,2026-05-27 02:35:43.323676
ACC0193,ACC0095,2857,2026-04-24 16:40:43.323676
ACC0007,ACC0055,2000,2026-04-02 20:22:43.323676
ACC0175,ACC0184,4086,2026-04-03 15:43:43.323676
ACC0091,ACC0140,646,2026-04-12 13:19:43.323676
ACC0038,ACC0063,4776,2026-04-17 22:20:43.323676
ACC0065,ACC0175,2103,2026-05-30 02:16:43.323676
ACC0056,ACC0032,803,2026-05-13 08:31:43.323676
ACC0123,ACC0071,3431,2026-05-11 04:43:43.323676
ACC0071,ACC0135,3078,2026-03-26 16:24:43.323676
ACC0128,ACC0137,2939,2026-04-13 16:32:43.323676
ACC0150,ACC0130,2759,2026-05-01 19:31:43.323676
ACC0157,ACC0120,2956,2026-05-22 04:19:43.323676
ACC0079,ACC0012,785,2026-05-26 07:41:43.323676
ACC0165,ACC0101,4383,2026-05-26 04:16:43.323676
ACC0103,ACC0198,1719,2026-05-21 20:17:43.323676
ACC0135,ACC0125,4743,2026-05-15 09:40:43.323676
ACC0197,ACC0046,20261,2026-05-30 13:21:43.323676
ACC0026,ACC0011,975,2026-05-05 12:31:43.323676
ACC0064,ACC0081,2561,2026-05-24 21:55:43.323676
ACC0153,ACC0110,1343,2026-05-31 10:30:43.323676
ACC0117,ACC0015,2074,2026-05-17 21:17:43.323676
ACC0146,ACC0126,369,2026-05-19 17:37:43.323676
ACC0155,ACC0061,1005,2026-05-08 22:01:43.323676
ACC0023,ACC0173,33047,2026-05-24 17:19:43.323676
ACC0131,ACC0137,304,2026-04-27 00:19:43.323676
ACC0061,ACC0142,940,2026-03-25 20:28:43.323676
ACC0193,ACC0017,1819,2026-03-25 23:42:43.323676
ACC0009,ACC0007,2743,2026-05-03 05:27:43.323676
ACC0025,ACC0108,2397,2026-04-26 19:26:43.323676
ACC0097,ACC0104,789,2026-05-10 05:50:43.323676
ACC0134,ACC0102,3241,2026-03-25 06:18:43.323676
ACC0198,ACC0153,1522,2026-05-21 15:03:43.323676
ACC0121,ACC0155,771,2026-05-26 01:05:43.323676
ACC0125,ACC0060,1271,2026-04-07 18:18:43.323676
ACC0163,ACC0167,1043,2026-04-16 02:44:43.323676
ACC0133,ACC0072,1549,2026-04-07 18:07:43.323676
ACC0052,ACC0031,2639,2026-05-15 19:23:43.323676
ACC0055,ACC0168,4360,2026-05-18 12:47:43.323676
ACC0043,ACC0086,3752,2026-05-07 13:51:43.323676
ACC0162,ACC0090,2452,2026-05-18 19:50:43.323676
ACC0179,ACC0015,470,2026-03-31 12:16:43.323676
ACC0040,ACC0173,4579,2026-05-01 18:21:43.323676
ACC0118,ACC0129,524,2026-05-27 04:08:43.323676
ACC0171,ACC0101,4824,2026-05-14 16:53:43.323676
ACC0036,ACC0156,994,2026-03-31 01:19:43.323676
ACC0156,ACC0111,697,2026-05-18 01:06:43.323676
ACC0051,ACC0178,7336,2026-04-18 11:20:43.323676
ACC0085,ACC0023,1787,2026-03-24 14:20:43.323676
ACC0178,ACC0128,672,2026-05-26 07:51:43.323676
ACC0171,ACC0164,2190,2026-04-29 01:52:43.323676
ACC0118,ACC0131,3769,2026-04-30 03:20:43.323676
ACC0152,ACC0028,4724,2026-04-14 21:43:43.323676
ACC0130,ACC0106,1617,2026-04-07 08:51:43.323676
ACC0133,ACC0191,2757,2026-04-13 12:08:43.323676
ACC0092,ACC0183,3688,2026-04-03 14:15:43.323676
ACC0183,ACC0031,19357,2026-04-13 20:39:43.323676
ACC0136,ACC0110,197,2026-04-08 02:49:43.323676
ACC0067,ACC0157,4630,2026-05-22 13:48:43.323676
ACC0195,ACC0189,3850,2026-03-27 18:43:43.323676
ACC0156,ACC0159,4783,2026-04-10 02:41:43.323676
ACC0066,ACC0013,4766,2026-04-27 16:15:43.323676
ACC0149,ACC0022,710,2026-04-14 20:09:43.323676
ACC0035,ACC0027,2390,2026-05-24 01:12:43.323676
ACC0069,ACC0046,2179,2026-04-17 04:34:43.323676
ACC0158,ACC0195,2424,2026-05-22 15:33:43.323676
ACC0159,ACC0178,1277,2026-04-17 04:42:43.323676
ACC0150,ACC0000,1191,2026-05-10 07:39:43.323676
ACC0126,ACC0168,2891,2026-03-25 13:24:43.323676
ACC0091,ACC0143,1849,2026-05-21 04:13:43.325684
ACC0097,ACC0012,881,2026-04-22 04:12:43.325684
ACC0190,ACC0043,3148,2026-05-26 19:29:43.325684
ACC0090,ACC0020,2205,2026-05-03 19:11:43.325684
ACC0010,ACC0153,4642,2026-04-04 17:36:43.325684
ACC0092,ACC0012,4070,2026-05-01 17:21:43.325684
ACC0089,ACC0166,1167,2026-05-15 03:04:43.325684
ACC0058,ACC0160,46971,2026-05-18 14:14:43.325684
ACC0114,ACC0086,4969,2026-04-16 23:46:43.325684
ACC0082,ACC0008,1914,2026-03-30 23:28:43.325684
ACC0044,ACC0090,2526,2026-04-06 16:07:43.325684
ACC0135,ACC0130,4502,2026-03-26 14:06:43.325684
ACC0182,ACC0171,7551,2026-04-11 14:05:43.325684
ACC0199,ACC0073,3757,2026-04-27 09:53:43.325684
ACC0095,ACC0177,2655,2026-05-08 11:09:43.325684
ACC0049,ACC0119,2311,2026-04-21 09:24:43.325684
ACC0172,ACC0175,4754,2026-05-03 04:26:43.325684
ACC0093,ACC0042,2385,2026-05-05 04:01:43.325684
ACC0155,ACC0074,4663,2026-04-02 05:07:43.325684
ACC0167,ACC0087,3439,2026-04-05 19:35:43.325684
ACC0128,ACC0134,2922,2026-05-05 08:41:43.325684
ACC0048,ACC0127,3024,2026-04-15 20:38:43.325684
ACC0112,ACC0059,382,2026-04-06 08:39:43.325684
ACC0026,ACC0155,1998,2026-05-28 16:17:43.325684
ACC0101,ACC0081,3076,2026-04-02 10:32:43.325684
ACC0069,ACC0041,712,2026-05-19 16:41:43.325684
ACC0141,ACC0118,3790,2026-03-29 13:08:43.325684
ACC0011,ACC0104,2407,2026-05-03 20:11:43.325684
ACC0087,ACC0028,3113,2026-04-22 21:31:43.325684
ACC0129,ACC0066,1881,2026-05-27 10:46:43.325684
ACC0116,ACC0057,2691,2026-04-17 19:25:43.325684
ACC0168,ACC0158,4058,2026-04-23 18:32:43.325684
ACC0007,ACC0174,674,2026-05-09 10:20:43.325684
ACC0109,ACC0065,2010,2026-04-24 21:56:43.325684
ACC0062,ACC0148,769,2026-04-22 07:51:43.325684
ACC0070,ACC0097,1383,2026-05-08 03:41:43.325684
ACC0133,ACC0010,1225,2026-04-14 23:27:43.325684
ACC0146,ACC0142,1694,2026-05-25 16:34:43.325684
ACC0117,ACC0110,3811,2026-05-20 07:58:43.325684
ACC0144,ACC0052,1660,2026-04-23 01:26:43.325684
ACC0101,ACC0146,2500,2026-05-12 22:13:43.325684
ACC0146,ACC0178,3964,2026-03-28 15:01:43.325684
ACC0107,ACC0175,29217,2026-03-30 22:44:43.325684
ACC0073,ACC0174,326,2026-05-21 02:36:43.325684
ACC0101,ACC0033,3647,2026-03-24 15:56:43.325684
ACC0199,ACC0062,364,2026-05-24 21:25:43.325684
ACC0047,ACC0155,3657,2026-03-26 02:47:43.325684
ACC0030,ACC0032,745,2026-05-10 01:42:43.325684
ACC0083,ACC0049,3090,2026-05-13 03:57:43.325684
ACC0130,ACC0054,2604,2026-05-01 04:20:43.325684
ACC0128,ACC0180,1254,2026-05-31 03:25:43.325684
ACC0014,ACC0096,4671,2026-04-20 11:07:43.325684
ACC0068,ACC0059,1085,2026-04-13 04:57:43.325684
ACC0144,ACC0118,3448,2026-04-02 00:01:43.325684
ACC0088,ACC0017,1341,2026-03-29 20:11:43.325684
ACC0021,ACC0106,1080,2026-04-20 13:10:43.325684
ACC0125,ACC0039,1815,2026-04-30 05:36:43.325684
ACC0118,ACC0169,4533,2026-04-12 06:23:43.325684
ACC0059,ACC0012,1198,2026-04-03 01:06:43.325684
ACC0199,ACC0148,3347,2026-05-02 11:37:43.325684
ACC0069,ACC0146,1774,2026-04-08 07:55:43.325684
ACC0005,ACC0070,1030,2026-04-07 07:20:43.325684
ACC0121,ACC0097,823,2026-05-12 10:36:43.325684
ACC0006,ACC0060,27433,2026-05-30 19:03:43.325684
ACC0011,ACC0033,4678,2026-04-09 16:49:43.325684
ACC0015,ACC0000,2395,2026-05-31 10:37:43.325684
ACC0178,ACC0121,1170,2026-04-14 16:18:43.325684
ACC0118,ACC0180,2601,2026-05-04 18:45:43.325684
ACC0013,ACC0038,4319,2026-04-23 03:36:43.325684
ACC0093,ACC0143,3930,2026-05-02 12:18:43.325684
ACC0136,ACC0123,739,2026-04-09 05:42:43.325684
ACC0014,ACC0186,541,2026-03-31 11:12:43.325684
ACC0055,ACC0063,4728,2026-04-11 14:46:43.325684
ACC0045,ACC0040,1436,2026-03-27 09:40:43.325684
ACC0051,ACC0040,49333,2026-05-25 20:53:43.325684
ACC0186,ACC0017,559,2026-05-14 22:00:43.325684
ACC0150,ACC0016,4746,2026-03-24 00:16:43.325684
ACC0054,ACC0161,4038,2026-04-26 04:13:43.325684
ACC0058,ACC0054,34516,2026-04-22 07:06:43.325684
ACC0158,ACC0058,2357,2026-04-26 15:02:43.325684
ACC0171,ACC0185,3908,2026-04-01 08:51:43.325684
ACC0061,ACC0187,2554,2026-04-20 17:02:43.325684
ACC0046,ACC0099,3774,2026-04-03 16:55:43.325684
ACC0135,ACC0078,2697,2026-04-15 22:35:43.325684
ACC0111,ACC0172,2759,2026-04-01 11:16:43.325684
ACC0063,ACC0153,939,2026-05-21 02:35:43.325684
ACC0114,ACC0064,3718,2026-04-29 02:14:43.325684
ACC0081,ACC0155,4017,2026-05-16 06:22:43.325684
ACC0007,ACC0100,695,2026-05-25 16:00:43.325684
ACC0161,ACC0173,523,2026-05-15 07:29:43.325684
ACC0151,ACC0026,9249,2026-05-07 13:54:43.325684
ACC0132,ACC0020,4857,2026-05-18 19:21:43.325684
ACC0078,ACC0180,9088,2026-04-24 12:22:43.325684
ACC0089,ACC0099,3046,2026-05-16 10:14:43.325684
ACC0106,ACC0199,2431,2026-05-28 00:37:43.325684
ACC0067,ACC0090,2320,2026-04-27 21:38:43.325684
ACC0088,ACC0092,3889,2026-04-11 00:26:43.325684
ACC0001,ACC0199,2910,2026-05-21 20:45:43.325684
ACC0011,ACC0143,4828,2026-04-06 23:02:43.325684
ACC0166,ACC0121,3090,2026-04-22 10:45:43.325684
ACC0091,ACC0133,4593,2026-04-26 18:27:43.325684
ACC0067,ACC0121,1560,2026-04-06 05:16:43.325684
ACC0096,ACC0080,36655,2026-05-01 08:40:43.325684
ACC0136,ACC0078,385,2026-04-27 05:36:43.325684
ACC0198,ACC0000,2467,2026-05-26 19:36:43.325684
ACC0174,ACC0112,3547,2026-04-16 21:25:43.325684
ACC0102,ACC0051,1862,2026-05-23 17:52:43.325684
ACC0141,ACC0041,2481,2026-03-24 06:08:43.325684
ACC0196,ACC0021,167,2026-04-26 17:33:43.325684
ACC0178,ACC0117,4108,2026-04-17 17:37:43.325684
ACC0179,ACC0191,3298,2026-04-12 07:22:43.325684
ACC0190,ACC0183,4890,2026-05-15 04:25:43.325684
ACC0031,ACC0116,40292,2026-04-09 14:19:43.325684
ACC0024,ACC0052,2579,2026-05-24 16:27:43.325684
ACC0098,ACC0010,2415,2026-04-23 20:06:43.325684
ACC0012,ACC0017,878,2026-04-16 08:25:43.325684
ACC0067,ACC0151,4689,2026-04-20 15:03:43.325684
ACC0171,ACC0118,1592,2026-03-25 21:14:43.325684
ACC0017,ACC0083,18615,2026-04-20 19:49:43.325684
ACC0193,ACC0065,4040,2026-05-01 17:26:43.325684
ACC0022,ACC0188,2144,2026-05-26 10:24:43.325684
ACC0022,ACC0015,3616,2026-03-25 18:56:43.325684
ACC0009,ACC0037,1158,2026-05-25 04:24:43.325684
ACC0026,ACC0186,4677,2026-04-26 21:53:43.325684
ACC0112,ACC0151,2627,2026-03-30 11:24:43.325684
ACC0178,ACC0154,442,2026-05-09 04:58:43.325684
ACC0013,ACC0079,1547,2026-03-28 07:41:43.325684
ACC0082,ACC0198,3759,2026-04-11 15:39:43.325684
ACC0154,ACC0053,626,2026-05-13 01:03:43.325684
ACC0156,ACC0035,505,2026-05-21 10:25:43.325684
ACC0134,ACC0119,1673,2026-03-25 20:53:43.325684
ACC0098,ACC0127,4700,2026-04-07 09:10:43.325684
ACC0036,ACC0030,4327,2026-05-18 21:22:43.325684
ACC0057,ACC0084,1578,2026-05-01 10:37:43.325684
ACC0023,ACC0020,36259,2026-03-23 17:57:43.325684
ACC0134,ACC0127,678,2026-05-23 20:19:43.325684
ACC0199,ACC0019,293,2026-05-19 08:23:43.325684
ACC0158,ACC0053,2494,2026-05-23 18:42:43.325684
ACC0084,ACC0197,1892,2026-05-09 02:25:43.325684
ACC0042,ACC0107,1210,2026-04-01 21:07:43.325684
ACC0097,ACC0162,2361,2026-03-27 08:07:43.325684
ACC0039,ACC0000,2036,2026-05-26 21:16:43.325684
ACC0179,ACC0051,4975,2026-05-11 10:59:43.325684
ACC0040,ACC0004,829,2026-05-28 12:14:43.325684
ACC0094,ACC0063,3551,2026-05-11 09:19:43.325684
ACC0127,ACC0040,4636,2026-04-08 20:44:43.325684
ACC0129,ACC0134,1744,2026-04-14 02:16:43.325684
ACC0060,ACC0012,241,2026-05-27 19:02:43.325684
ACC0078,ACC0176,22839,2026-04-22 15:08:43.325684
ACC0079,ACC0196,4896,2026-04-23 21:07:43.325684
ACC0134,ACC0015,2196,2026-05-19 06:03:43.325684
ACC0083,ACC0082,1313,2026-05-19 08:49:43.325684
ACC0166,ACC0164,4750,2026-03-26 20:21:43.325684
ACC0083,ACC0022,4797,2026-03-25 20:34:43.325684
ACC0136,ACC0048,440,2026-05-28 21:24:43.325684
ACC0128,ACC0154,2068,2026-05-19 16:25:43.325684
ACC0195,ACC0093,4513,2026-05-09 18:55:43.325684
ACC0078,ACC0162,10482,2026-04-16 04:19:43.325684
ACC0187,ACC0130,2529,2026-03-31 05:36:43.325684
ACC0001,ACC0069,1900,2026-05-27 18:09:43.325684
ACC0097,ACC0082,4748,2026-05-08 04:49:43.325684
ACC0003,ACC0078,40634,2026-04-30 13:50:43.325684
ACC0162,ACC0054,282,2026-04-13 21:04:43.325684
ACC0161,ACC0006,4592,2026-05-16 03:05:43.325684
ACC0168,ACC0190,1617,2026-04-04 21:58:43.325684
ACC0040,ACC0106,1456,2026-04-20 05:14:43.325684
ACC0143,ACC0061,3729,2026-04-24 21:32:43.325684
ACC0144,ACC0001,4196,2026-04-30 20:33:43.325684
ACC0119,ACC0169,3791,2026-05-25 20:22:43.325684
ACC0185,ACC0168,3503,2026-04-07 04:33:43.325684
ACC0080,ACC0071,3104,2026-04-23 03:48:43.325684
ACC0140,ACC0002,1232,2026-04-11 11:08:43.325684
ACC0010,ACC0009,3411,2026-05-15 23:20:43.325684
ACC0102,ACC0074,3472,2026-04-17 01:03:43.325684
ACC0199,ACC0020,1087,2026-05-29 05:51:43.325684
ACC0025,ACC0016,4715,2026-04-06 21:50:43.325684
ACC0139,ACC0013,273,2026-04-06 13:22:43.325684
ACC0141,ACC0158,3841,2026-05-06 16:12:43.325684
ACC0140,ACC0138,826,2026-05-28 22:32:43.325684
ACC0004,ACC0043,1975,2026-05-15 07:35:43.325684
ACC0186,ACC0185,4133,2026-05-05 00:21:43.325684
ACC0063,ACC0108,1089,2026-05-28 22:48:43.325684
ACC0152,ACC0171,2786,2026-05-14 04:37:43.325684
ACC0033,ACC0026,693,2026-03-24 12:54:43.325684
ACC0007,ACC0009,1874,2026-05-24 03:41:43.325684
ACC0194,ACC0193,38703,2026-04-06 17:41:43.325684
ACC0017,ACC0092,34808,2026-05-19 22:37:43.327440
ACC0090,ACC0023,3549,2026-05-14 16:06:43.327440
ACC0106,ACC0016,2802,2026-05-21 13:36:43.327440
ACC0198,ACC0140,4106,2026-04-11 22:47:43.327440
ACC0153,ACC0090,3968,2026-04-01 17:52:43.327440
ACC0180,ACC0152,301,2026-04-25 16:23:43.327440
ACC0063,ACC0184,1942,2026-05-24 13:34:43.327440
ACC0076,ACC0086,2096,2026-04-09 17:15:43.327440
ACC0183,ACC0156,17497,2026-04-12 19:18:43.327440
ACC0075,ACC0137,3289,2026-04-16 23:12:43.327440
ACC0051,ACC0072,45312,2026-04-29 04:13:43.327440
ACC0144,ACC0115,870,2026-05-17 23:33:43.327440
ACC0115,ACC0015,16777,2026-03-23 03:40:43.327440
ACC0073,ACC0103,486,2026-05-27 08:41:43.327440
ACC0102,ACC0178,3521,2026-04-11 13:37:43.327440
ACC0028,ACC0046,4108,2026-05-11 15:23:43.327440
ACC0061,ACC0007,4463,2026-05-29 23:10:43.327440
ACC0105,ACC0001,1956,2026-04-27 21:54:43.327440
ACC0004,ACC0060,2098,2026-05-09 12:47:43.327440
ACC0051,ACC0156,43244,2026-04-09 11:48:43.327440
ACC0175,ACC0069,4769,2026-04-07 11:20:43.327440
ACC0176,ACC0006,1250,2026-04-10 20:50:43.327440
ACC0181,ACC0196,1531,2026-05-04 21:20:43.327440
ACC0133,ACC0061,1919,2026-05-24 05:56:43.327440
ACC0022,ACC0163,1230,2026-05-06 08:44:43.327440
ACC0077,ACC0182,474,2026-05-06 00:04:43.327440
ACC0145,ACC0021,2121,2026-04-19 03:43:43.327440
ACC0069,ACC0182,3359,2026-03-27 14:05:43.327440
ACC0085,ACC0068,1989,2026-05-19 03:34:43.327440
ACC0100,ACC0049,2342,2026-04-06 16:29:43.327440
ACC0127,ACC0052,3343,2026-05-03 22:34:43.327440
ACC0045,ACC0011,3234,2026-04-04 09:53:43.327440
ACC0043,ACC0013,2141,2026-04-15 05:55:43.327440
ACC0105,ACC0049,1735,2026-04-01 21:12:43.327440
ACC0007,ACC0152,2043,2026-04-29 18:58:43.327440
ACC0038,ACC0199,3461,2026-03-31 02:09:43.327440
ACC0057,ACC0088,3080,2026-04-04 15:46:43.327440
ACC0195,ACC0187,3367,2026-05-04 05:40:43.327440
ACC0051,ACC0006,31167,2026-05-16 18:00:43.327440
ACC0151,ACC0176,32840,2026-04-02 20:26:43.327440
ACC0054,ACC0152,3319,2026-04-11 22:30:43.327440
ACC0132,ACC0013,3373,2026-05-03 12:13:43.327440
ACC0135,ACC0125,1013,2026-05-30 03:41:43.327440
ACC0035,ACC0032,1542,2026-04-30 23:38:43.327440
ACC0071,ACC0146,3646,2026-03-27 00:59:43.327440
ACC0065,ACC0148,3028,2026-05-25 11:05:43.327440
ACC0008,ACC0085,1029,2026-04-07 17:45:43.327440
ACC0025,ACC0030,3799,2026-03-28 22:57:43.327440
ACC0026,ACC0189,3375,2026-03-26 13:12:43.327440
ACC0024,ACC0082,1154,2026-04-27 20:37:43.327440
ACC0082,ACC0027,2000,2026-05-02 02:15:43.327440
ACC0151,ACC0175,44748,2026-05-26 15:23:43.327440
ACC0198,ACC0127,1499,2026-05-17 19:13:43.327440
ACC0042,ACC0157,542,2026-03-27 10:30:43.327440
ACC0178,ACC0104,4752,2026-03-30 03:33:43.327440
ACC0103,ACC0089,1278,2026-05-26 06:35:43.327440
ACC0057,ACC0076,4558,2026-04-11 11:05:43.327440
ACC0010,ACC0158,1357,2026-04-07 19:50:43.327440
ACC0067,ACC0097,1941,2026-05-18 13:39:43.327440
ACC0176,ACC0177,1010,2026-04-24 15:11:43.327440
ACC0061,ACC0029,2269,2026-04-03 03:40:43.327440
ACC0122,ACC0099,223,2026-05-25 23:16:43.327440
ACC0055,ACC0034,3258,2026-05-15 10:59:43.327440
ACC0124,ACC0110,885,2026-04-11 18:37:43.327440
ACC0048,ACC0000,2516,2026-05-13 22:20:43.327440
ACC0134,ACC0197,4272,2026-05-17 06:54:43.327440
ACC0122,ACC0124,2036,2026-04-20 05:32:43.327440
ACC0088,ACC0030,3907,2026-05-02 04:51:43.327440
ACC0061,ACC0057,4263,2026-05-12 07:16:43.327440
ACC0157,ACC0129,3336,2026-05-20 13:04:43.327440
ACC0138,ACC0019,2452,2026-05-30 05:00:43.327440
ACC0186,ACC0136,2821,2026-05-25 14:36:43.327440
ACC0180,ACC0033,2490,2026-04-26 18:14:43.327440
ACC0153,ACC0079,1477,2026-04-22 01:10:43.327440
ACC0058,ACC0187,9857,2026-05-31 07:32:43.327440
ACC0134,ACC0189,3089,2026-04-04 09:30:43.327440
ACC0057,ACC0065,1656,2026-04-10 03:25:43.327440
ACC0155,ACC0174,238,2026-05-31 07:14:43.327440
ACC0193,ACC0131,1622,2026-04-02 06:16:43.327440
ACC0021,ACC0114,1727,2026-05-10 06:18:43.327440
ACC0171,ACC0045,1403,2026-04-04 22:20:43.327440
ACC0146,ACC0060,1234,2026-04-16 20:39:43.327440
ACC0010,ACC0012,2286,2026-05-22 07:49:43.327440
ACC0117,ACC0118,3270,2026-05-17 12:13:43.327440
ACC0013,ACC0195,2251,2026-04-09 11:47:43.327440
ACC0166,ACC0048,3835,2026-04-02 16:38:43.327440
ACC0058,ACC0193,17452,2026-04-21 00:50:43.327440
ACC0104,ACC0099,23951,2026-05-30 15:25:43.327440
ACC0099,ACC0008,756,2026-05-06 22:44:43.327440
ACC0163,ACC0169,2311,2026-03-28 15:31:43.327440
ACC0162,ACC0095,3830,2026-04-08 22:18:43.327440
ACC0109,ACC0085,3262,2026-05-30 18:12:43.327440
ACC0126,ACC0134,366,2026-05-13 04:51:43.327440
ACC0112,ACC0054,1808,2026-05-29 00:42:43.327440
ACC0031,ACC0078,24595,2026-04-08 18:11:43.327440
ACC0000,ACC0137,3832,2026-04-30 10:43:43.327440
ACC0124,ACC0094,1610,2026-05-19 20:13:43.327440
ACC0039,ACC0030,1076,2026-05-30 17:05:43.327440
ACC0004,ACC0051,2060,2026-04-15 15:39:43.327440
ACC0167,ACC0115,982,2026-04-19 21:01:43.327440
ACC0095,ACC0047,4777,2026-04-11 01:30:43.327440
ACC0138,ACC0091,4890,2026-04-10 23:47:43.327440
ACC0077,ACC0123,1710,2026-05-12 01:28:43.327440
ACC0026,ACC0156,2554,2026-05-17 01:14:43.327440
ACC0015,ACC0133,2046,2026-04-18 09:18:43.327440
ACC0134,ACC0035,4899,2026-04-14 02:08:43.327440
ACC0120,ACC0035,3925,2026-05-06 08:08:43.327440
ACC0169,ACC0129,35386,2026-04-23 04:52:43.327440
ACC0168,ACC0030,3902,2026-03-27 01:43:43.327440
ACC0094,ACC0165,4799,2026-05-18 19:18:43.327440
ACC0121,ACC0182,3922,2026-04-25 11:01:43.327440
ACC0143,ACC0120,1002,2026-03-24 00:44:43.327440
ACC0146,ACC0010,4358,2026-05-18 00:09:43.327440
ACC0024,ACC0143,2658,2026-04-27 21:36:43.327440
ACC0107,ACC0022,39631,2026-04-04 13:57:43.327440
ACC0139,ACC0061,2484,2026-04-18 06:32:43.327440
ACC0001,ACC0185,4035,2026-04-05 23:34:43.327440
ACC0047,ACC0049,2590,2026-05-13 19:54:43.327440
ACC0121,ACC0103,1824,2026-03-28 08:26:43.327440
ACC0046,ACC0045,2867,2026-03-23 11:51:43.327440
ACC0072,ACC0052,2627,2026-05-06 10:04:43.327440
ACC0082,ACC0110,4878,2026-05-06 01:58:43.327440
ACC0130,ACC0196,3737,2026-05-18 02:55:43.327440
ACC0191,ACC0184,2467,2026-04-07 10:03:43.327440
ACC0021,ACC0116,376,2026-04-26 00:41:43.327440
ACC0181,ACC0180,1327,2026-05-23 06:08:43.327440
ACC0176,ACC0124,3835,2026-04-04 23:50:43.327440
ACC0198,ACC0117,795,2026-04-20 19:39:43.327440
ACC0020,ACC0087,4252,2026-04-22 05:30:43.327440
ACC0101,ACC0161,3334,2026-04-07 11:50:43.327440
ACC0114,ACC0033,2411,2026-04-02 16:31:43.327440
ACC0032,ACC0050,4308,2026-05-23 12:02:43.327440
ACC0177,ACC0042,641,2026-05-23 23:46:43.327440
ACC0082,ACC0117,4774,2026-04-15 06:48:43.327440
ACC0078,ACC0127,8363,2026-05-08 18:40:43.327440
ACC0083,ACC0056,1672,2026-04-01 17:16:43.327440
ACC0056,ACC0011,1867,2026-04-07 01:21:43.327440
ACC0038,ACC0098,2335,2026-05-26 11:37:43.327440
ACC0135,ACC0124,300,2026-05-23 15:22:43.327440
ACC0145,ACC0080,356,2026-05-17 13:41:43.327440
ACC0112,ACC0122,4742,2026-04-08 19:03:43.327440
ACC0187,ACC0123,3275,2026-03-27 11:14:43.327440
ACC0035,ACC0147,3436,2026-05-16 18:31:43.327440
ACC0172,ACC0130,513,2026-05-30 14:11:43.327440
ACC0048,ACC0070,1198,2026-05-17 19:02:43.327440
ACC0195,ACC0057,3755,2026-05-14 15:50:43.327440
ACC0016,ACC0124,1009,2026-05-08 15:57:43.327440
ACC0011,ACC0126,4144,2026-05-24 11:05:43.327440
ACC0140,ACC0170,2192,2026-05-11 22:52:43.327440
ACC0104,ACC0146,23514,2026-04-10 02:27:43.327440
ACC0050,ACC0025,2522,2026-05-22 21:43:43.327440
ACC0063,ACC0159,4645,2026-04-29 13:00:43.327440
ACC0041,ACC0127,2258,2026-03-25 18:34:43.327440
ACC0121,ACC0072,2655,2026-04-13 23:45:43.327440
ACC0112,ACC0140,1338,2026-04-12 18:09:43.327440
ACC0062,ACC0143,4065,2026-04-20 23:58:43.327440
ACC0162,ACC0083,3801,2026-05-15 00:50:43.327440
ACC0077,ACC0186,1688,2026-05-11 18:58:43.327440
ACC0007,ACC0076,2468,2026-05-20 17:20:43.327440
ACC0185,ACC0186,536,2026-05-06 19:56:43.327440
ACC0022,ACC0107,1656,2026-04-19 01:10:43.327440
ACC0196,ACC0148,1404,2026-05-10 04:42:43.327440
ACC0117,ACC0143,2484,2026-05-20 01:06:43.327440
ACC0176,ACC0074,1689,2026-05-14 00:37:43.327440
ACC0193,ACC0076,259,2026-05-23 02:47:43.327440
ACC0082,ACC0152,1111,2026-05-25 19:48:43.327440
ACC0052,ACC0183,2407,2026-03-23 10:20:43.327440
ACC0176,ACC0172,1135,2026-03-27 09:38:43.327440
ACC0040,ACC0053,4145,2026-05-20 16:23:43.327440
ACC0129,ACC0112,4549,2026-04-27 16:26:43.327440
ACC0134,ACC0160,1364,2026-03-30 16:31:43.327440
ACC0063,ACC0052,1984,2026-05-09 09:35:43.327440
ACC0038,ACC0147,1909,2026-04-13 20:09:43.327440
ACC0085,ACC0155,3897,2026-05-12 20:35:43.327440
ACC0197,ACC0025,27736,2026-05-12 02:42:43.327440
ACC0088,ACC0083,917,2026-04-06 06:09:43.327440
ACC0058,ACC0000,27440,2026-05-07 02:27:43.327440
ACC0062,ACC0000,988,2026-04-23 06:49:43.327440
ACC0146,ACC0104,767,2026-05-18 08:24:43.327440
ACC0185,ACC0122,4332,2026-05-27 12:39:43.327440
ACC0133,ACC0029,4623,2026-05-27 16:21:43.327440
ACC0175,ACC0065,918,2026-05-01 14:04:43.327440
ACC0023,ACC0093,30682,2026-05-30 00:08:43.327440
ACC0108,ACC0033,297,2026-04-27 17:37:43.327440
ACC0183,ACC0152,49452,2026-05-09 00:31:43.327440
ACC0147,ACC0101,570,2026-05-04 09:03:43.327440
ACC0072,ACC0013,2048,2026-04-18 05:44:43.327440
ACC0077,ACC0128,3999,2026-03-28 13:50:43.327440
ACC0180,ACC0009,3900,2026-05-15 05:54:43.327440
ACC0038,ACC0184,4218,2026-04-02 00:36:43.327440
ACC0030,ACC0017,4088,2026-03-24 02:54:43.327440
ACC0043,ACC0083,1028,2026-03-30 01:49:43.327440
ACC0161,ACC0115,622,2026-03-27 12:37:43.327440
ACC0011,ACC0180,4626,2026-04-24 00:32:43.327440
ACC0193,ACC0137,1729,2026-04-11 23:44:43.327440
ACC0119,ACC0036,4728,2026-05-20 07:01:43.327440
ACC0088,ACC0100,1416,2026-04-29 15:04:43.327440
ACC0001,ACC0086,1224,2026-05-16 06:27:43.327440
ACC0193,ACC0023,2687,2026-05-13 18:33:43.327440
ACC0146,ACC0140,1478,2026-04-14 23:37:43.327440
ACC0009,ACC0025,326,2026-05-27 19:57:43.327440
ACC0081,ACC0090,991,2026-05-04 22:10:43.327440
ACC0043,ACC0107,4172,2026-04-06 18:52:43.327440
ACC0119,ACC0148,2357,2026-05-12 13:08:43.327440
ACC0014,ACC0012,496,2026-05-13 00:58:43.327440
ACC0130,ACC0054,4844,2026-05-17 02:24:43.327440
ACC0017,ACC0173,35154,2026-05-07 09:39:43.327440
ACC0111,ACC0124,2116,2026-05-12 06:45:43.327440
ACC0086,ACC0160,2768,2026-04-03 10:20:43.327440
ACC0042,ACC0068,261,2026-04-01 21:36:43.327440
ACC0143,ACC0151,1851,2026-03-29 10:25:43.327440
ACC0183,ACC0094,35499,2026-04-28 15:35:43.327440
ACC0110,ACC0008,1039,2026-04-02 10:12:43.327440
ACC0015,ACC0138,639,2026-04-28 12:01:43.327440
ACC0097,ACC0080,1561,2026-04-23 19:36:43.327440
ACC0078,ACC0110,13547,2026-04-19 05:24:43.327440
ACC0110,ACC0164,3423,2026-05-08 15:10:43.327440
ACC0004,ACC0126,1648,2026-04-10 20:16:43.327440
ACC0087,ACC0167,2196,2026-05-28 14:59:43.327440
ACC0099,ACC0124,2201,2026-03-23 02:55:43.327440
ACC0102,ACC0041,2200,2026-04-18 11:55:43.327440
ACC0106,ACC0181,3696,2026-05-17 13:40:43.327440
ACC0010,ACC0094,3273,2026-05-18 21:53:43.327440
ACC0087,ACC0179,3941,2026-05-01 17:07:43.327440
ACC0057,ACC0017,4593,2026-05-09 09:51:43.327440
ACC0093,ACC0166,774,2026-05-14 13:20:43.327440
ACC0035,ACC0187,486,2026-04-25 13:39:43.327440
ACC0086,ACC0134,2164,2026-05-06 12:51:43.327440
ACC0114,ACC0023,4736,2026-04-18 18:22:43.327440
ACC0060,ACC0189,839,2026-05-30 13:51:43.327440
ACC0022,ACC0199,3359,2026-05-20 23:59:43.327440
ACC0096,ACC0103,31853,2026-04-30 09:28:43.327440
ACC0034,ACC0017,25307,2026-05-17 22:21:43.327440
ACC0124,ACC0120,2931,2026-05-23 06:02:43.327440
ACC0116,ACC0012,2612,2026-04-07 19:09:43.327440
ACC0136,ACC0077,2845,2026-04-23 04:29:43.327440
ACC0144,ACC0186,3966,2026-05-09 03:47:43.327440
ACC0185,ACC0109,3864,2026-04-11 23:58:43.327440
ACC0110,ACC0132,2322,2026-05-10 15:16:43.327440
ACC0049,ACC0145,3562,2026-05-17 08:25:43.327440
ACC0056,ACC0077,1624,2026-05-11 04:16:43.327440
ACC0002,ACC0145,132,2026-04-23 02:42:43.327440
ACC0081,ACC0054,4125,2026-04-25 11:17:43.327440
ACC0097,ACC0124,3996,2026-05-17 14:19:43.327440
ACC0166,ACC0061,819,2026-04-22 21:24:43.327440
ACC0053,ACC0034,4679,2026-04-26 17:48:43.327440
ACC0198,ACC0152,3818,2026-04-22 06:45:43.327440
ACC0029,ACC0191,4502,2026-05-17 00:16:43.327440
ACC0022,ACC0057,2307,2026-05-28 11:26:43.327440
ACC0147,ACC0033,4420,2026-05-12 09:06:43.327440
ACC0018,ACC0082,3675,2026-04-06 11:29:43.327440
ACC0196,ACC0080,3216,2026-04-18 03:10:43.327440
ACC0146,ACC0001,743,2026-04-29 20:01:43.327440
ACC0057,ACC0137,294,2026-03-27 04:44:43.327440
ACC0070,ACC0039,588,2026-05-30 00:28:43.329451
ACC0032,ACC0007,2757,2026-03-31 22:47:43.329451
ACC0196,ACC0058,3376,2026-05-08 00:42:43.329451
ACC0100,ACC0086,1341,2026-05-16 13:05:43.329451
ACC0160,ACC0176,29968,2026-03-23 20:18:43.329451
ACC0163,ACC0117,3816,2026-05-13 04:49:43.329451
ACC0130,ACC0073,2755,2026-04-09 16:05:43.329451
ACC0035,ACC0044,4629,2026-04-19 00:57:43.329451
ACC0178,ACC0069,377,2026-04-04 12:00:43.329451
ACC0016,ACC0130,1652,2026-05-04 20:14:43.329451
ACC0064,ACC0038,3370,2026-04-07 21:52:43.329451
ACC0152,ACC0061,125,2026-04-29 06:39:43.329451
ACC0097,ACC0008,560,2026-04-22 20:01:43.329451
ACC0108,ACC0053,3531,2026-04-06 17:57:43.329451
ACC0181,ACC0183,3583,2026-04-10 00:14:43.329451
ACC0082,ACC0179,1172,2026-05-09 00:42:43.329451
ACC0055,ACC0172,3273,2026-05-08 15:29:43.329451
ACC0109,ACC0031,1823,2026-05-18 08:42:43.329451
ACC0102,ACC0157,258,2026-04-05 17:52:43.329451
ACC0142,ACC0183,41081,2026-05-23 21:19:43.329451
ACC0046,ACC0008,1876,2026-05-20 06:31:43.329451
ACC0147,ACC0011,2152,2026-05-27 10:13:43.329451
ACC0064,ACC0167,2395,2026-04-08 06:31:43.329451
ACC0085,ACC0187,2569,2026-04-30 11:03:43.329451
ACC0138,ACC0112,2883,2026-05-16 12:47:43.329451
ACC0080,ACC0118,2600,2026-04-16 13:07:43.329451
ACC0154,ACC0032,3745,2026-04-02 19:47:43.329451
ACC0095,ACC0122,2449,2026-04-14 16:44:43.329451
ACC0172,ACC0148,3394,2026-04-14 19:39:43.329451
ACC0133,ACC0070,1216,2026-05-01 07:45:43.329451
ACC0028,ACC0175,3599,2026-05-31 05:00:43.329451
ACC0170,ACC0149,3406,2026-05-25 10:21:43.329451
ACC0056,ACC0047,3332,2026-05-14 16:40:43.329451
ACC0175,ACC0039,3923,2026-04-11 13:02:43.329451
ACC0133,ACC0063,2480,2026-04-28 19:19:43.329451
ACC0141,ACC0166,1646,2026-04-23 23:22:43.329451
ACC0191,ACC0098,3663,2026-05-11 21:04:43.329451
ACC0102,ACC0158,4775,2026-04-20 09:58:43.329451
ACC0120,ACC0025,1375,2026-05-09 19:53:43.329451
ACC0183,ACC0100,35527,2026-04-10 13:50:43.329451
ACC0187,ACC0082,2593,2026-03-30 16:32:43.329451
ACC0178,ACC0148,456,2026-04-17 18:08:43.329451
ACC0120,ACC0080,969,2026-05-10 02:39:43.329451
ACC0058,ACC0120,5619,2026-03-23 16:06:43.329451
ACC0032,ACC0093,896,2026-05-29 00:30:43.329451
ACC0141,ACC0183,3525,2026-05-07 21:28:43.329451
ACC0010,ACC0148,4814,2026-05-21 17:50:43.329451
ACC0072,ACC0121,344,2026-04-14 00:41:43.329451
ACC0140,ACC0085,1029,2026-04-12 07:30:43.329451
ACC0142,ACC0058,13711,2026-04-02 10:20:43.329451
ACC0086,ACC0190,2509,2026-05-25 20:33:43.329451
ACC0182,ACC0060,15717,2026-05-06 10:01:43.329451
ACC0083,ACC0011,2119,2026-04-17 18:03:43.329451
ACC0056,ACC0196,4382,2026-03-27 10:09:43.329451
ACC0050,ACC0139,2901,2026-03-31 12:19:43.329451
ACC0143,ACC0149,185,2026-05-12 07:41:43.329451
ACC0012,ACC0009,4332,2026-04-02 22:44:43.329451
ACC0111,ACC0119,3719,2026-05-19 00:52:43.329451
ACC0044,ACC0000,3683,2026-04-05 06:21:43.329451
ACC0113,ACC0041,4109,2026-05-17 20:42:43.329451
ACC0174,ACC0064,2318,2026-05-14 12:20:43.329451
ACC0172,ACC0027,2317,2026-04-17 15:25:43.329451
ACC0135,ACC0155,2469,2026-05-17 15:30:43.329451
ACC0022,ACC0034,2603,2026-04-09 16:41:43.329451
ACC0165,ACC0179,2937,2026-03-28 03:00:43.329451
ACC0086,ACC0169,3036,2026-04-01 22:05:43.329451
ACC0101,ACC0076,1776,2026-04-15 05:00:43.329451
ACC0058,ACC0159,17297,2026-04-14 02:29:43.329451
ACC0135,ACC0100,1561,2026-05-03 06:57:43.329451
ACC0028,ACC0071,3418,2026-05-14 00:30:43.329451
ACC0164,ACC0170,2276,2026-04-02 01:29:43.329451
ACC0066,ACC0046,700,2026-03-28 03:08:43.329451
ACC0012,ACC0060,4522,2026-04-02 00:08:43.329451
ACC0009,ACC0083,4006,2026-05-25 04:21:43.329451
ACC0145,ACC0190,2551,2026-03-23 20:20:43.329451
ACC0005,ACC0078,1729,2026-05-28 23:36:43.329451
ACC0043,ACC0170,3530,2026-05-17 14:54:43.329451
ACC0131,ACC0033,4029,2026-05-18 06:03:43.329451
ACC0125,ACC0044,4469,2026-04-29 18:52:43.329451
ACC0067,ACC0143,215,2026-05-28 02:36:43.329451
ACC0007,ACC0156,2103,2026-04-04 04:20:43.329451
ACC0069,ACC0004,3262,2026-04-15 06:31:43.329451
ACC0010,ACC0011,3108,2026-04-25 21:59:43.329451
ACC0088,ACC0198,253,2026-05-10 15:33:43.329451
ACC0063,ACC0149,3799,2026-03-24 09:38:43.329451
ACC0025,ACC0020,4510,2026-05-25 02:56:43.329451
ACC0069,ACC0055,4300,2026-05-07 11:11:43.329451
ACC0183,ACC0015,30792,2026-03-31 19:52:43.329451
ACC0128,ACC0092,2501,2026-04-16 18:09:43.329451
ACC0016,ACC0059,1872,2026-05-13 02:56:43.329451
ACC0148,ACC0195,2880,2026-04-17 18:29:43.329451
ACC0070,ACC0102,4904,2026-04-22 06:17:43.329451
ACC0061,ACC0020,4846,2026-05-29 13:21:43.329451
ACC0076,ACC0075,760,2026-05-15 20:06:43.329451
ACC0155,ACC0091,2735,2026-04-08 17:35:43.329451
ACC0133,ACC0195,4054,2026-04-15 06:04:43.329451
ACC0056,ACC0151,799,2026-04-05 22:42:43.329451
ACC0098,ACC0019,2138,2026-04-17 05:38:43.329451
ACC0173,ACC0066,4747,2026-05-26 03:00:43.329451
ACC0126,ACC0177,4600,2026-04-12 20:59:43.329451
ACC0027,ACC0071,2279,2026-05-01 03:14:43.329451
ACC0147,ACC0187,973,2026-05-25 19:17:43.329451
ACC0080,ACC0014,1522,2026-04-28 07:35:43.329451
ACC0166,ACC0146,2775,2026-05-17 04:12:43.329451
ACC0099,ACC0083,4075,2026-05-04 03:28:43.329451
ACC0105,ACC0070,1491,2026-03-27 17:42:43.329451
ACC0003,ACC0042,33783,2026-04-04 05:38:43.329451
ACC0187,ACC0093,3071,2026-03-27 11:44:43.329451
ACC0099,ACC0064,4670,2026-05-09 15:17:43.329451
ACC0195,ACC0108,370,2026-04-30 06:46:43.329451
ACC0079,ACC0116,2568,2026-04-28 22:16:43.329451
ACC0018,ACC0005,1490,2026-04-30 05:37:43.329451
ACC0050,ACC0033,3707,2026-05-24 01:37:43.329451
ACC0068,ACC0002,4173,2026-04-02 12:37:43.329451
ACC0125,ACC0113,4006,2026-05-19 23:19:43.329451
ACC0081,ACC0178,2580,2026-05-26 22:58:43.329451
ACC0072,ACC0099,3352,2026-05-26 09:37:43.329451
ACC0095,ACC0110,378,2026-05-01 01:48:43.329451
ACC0063,ACC0051,680,2026-05-05 08:26:43.329451
ACC0077,ACC0136,353,2026-05-05 19:48:43.329451
ACC0083,ACC0032,4876,2026-04-26 20:16:43.329451
ACC0060,ACC0178,3932,2026-03-29 11:41:43.329451
ACC0186,ACC0151,1480,2026-04-19 00:32:43.329451
ACC0067,ACC0024,1773,2026-03-31 02:58:43.329451
ACC0088,ACC0146,3256,2026-04-07 23:56:43.329451
ACC0184,ACC0019,4407,2026-05-04 21:10:43.329451
ACC0180,ACC0140,483,2026-05-04 18:14:43.329451
ACC0118,ACC0120,441,2026-05-16 01:14:43.329451
ACC0180,ACC0077,2087,2026-04-07 12:45:43.329451
ACC0162,ACC0044,3209,2026-05-17 08:06:43.329451
ACC0180,ACC0184,4615,2026-04-19 18:50:43.329451
ACC0044,ACC0077,3340,2026-05-13 02:28:43.329451
ACC0184,ACC0164,3514,2026-04-26 03:11:43.329451
ACC0101,ACC0193,405,2026-04-19 05:15:43.329451
ACC0123,ACC0146,2849,2026-05-22 09:56:43.329451
ACC0154,ACC0127,1235,2026-05-10 15:26:43.329451
ACC0008,ACC0151,305,2026-03-30 13:20:43.329451
ACC0125,ACC0006,4691,2026-05-26 12:58:43.329451
ACC0113,ACC0182,3911,2026-05-12 17:05:43.329451
ACC0154,ACC0118,4408,2026-03-29 18:11:43.329451
ACC0043,ACC0195,2808,2026-05-18 18:57:43.329451
ACC0158,ACC0112,371,2026-04-30 06:26:43.329451
ACC0181,ACC0166,1922,2026-04-16 19:27:43.329451
ACC0102,ACC0182,3373,2026-04-28 19:37:43.329451
ACC0157,ACC0173,4638,2026-05-10 02:31:43.329451
ACC0040,ACC0198,4449,2026-05-25 12:00:43.329451
ACC0083,ACC0127,1076,2026-04-24 19:58:43.329451
ACC0137,ACC0126,3651,2026-05-23 00:15:43.329451
ACC0197,ACC0186,48733,2026-05-12 17:04:43.329451
ACC0054,ACC0175,2932,2026-03-27 06:13:43.329451
ACC0109,ACC0196,252,2026-05-23 19:16:43.329451
ACC0167,ACC0144,3016,2026-05-09 10:27:43.329451
ACC0071,ACC0099,2900,2026-05-01 21:20:43.329451
ACC0060,ACC0029,2710,2026-04-07 15:49:43.329451
ACC0011,ACC0118,1204,2026-05-24 02:24:43.329451
ACC0008,ACC0053,4299,2026-04-01 23:38:43.329451
ACC0049,ACC0093,3594,2026-04-14 17:02:43.329451
ACC0024,ACC0112,3172,2026-03-29 06:34:43.329451
ACC0114,ACC0126,506,2026-05-22 01:03:43.329451
ACC0153,ACC0071,266,2026-05-08 10:36:43.329451
ACC0112,ACC0030,1761,2026-05-17 17:59:43.329451
ACC0174,ACC0099,4958,2026-04-15 13:36:43.329451
ACC0086,ACC0096,2624,2026-04-03 04:32:43.329451
ACC0094,ACC0195,4777,2026-05-05 18:27:43.329451
ACC0057,ACC0098,1463,2026-05-02 04:21:43.329451
ACC0023,ACC0055,40060,2026-05-30 11:34:43.329451
ACC0183,ACC0184,41176,2026-05-02 17:12:43.329451
ACC0121,ACC0126,1199,2026-05-18 20:25:43.329451
ACC0196,ACC0181,274,2026-03-28 11:24:43.329451
ACC0088,ACC0094,2330,2026-04-24 12:40:43.329451
ACC0033,ACC0013,4020,2026-04-09 07:27:43.329451
ACC0039,ACC0079,3954,2026-04-02 11:01:43.329451
ACC0029,ACC0125,1667,2026-05-07 23:53:43.329451
ACC0124,ACC0147,468,2026-04-12 14:30:43.329451
ACC0051,ACC0085,29618,2026-05-07 11:17:43.329451
ACC0047,ACC0081,3590,2026-05-18 09:53:43.329451
ACC0131,ACC0040,4273,2026-05-13 05:12:43.329451
ACC0010,ACC0125,1393,2026-04-12 17:27:43.329451
ACC0035,ACC0029,4896,2026-04-29 17:38:43.329451
ACC0085,ACC0015,3486,2026-04-02 14:20:43.329451
ACC0003,ACC0056,25306,2026-04-12 13:39:43.329451
ACC0170,ACC0096,1092,2026-05-24 04:54:43.329451
ACC0096,ACC0123,23624,2026-05-04 07:58:43.329451
ACC0065,ACC0095,3507,2026-05-31 06:43:43.329451
ACC0124,ACC0146,1099,2026-04-14 18:01:43.329451
ACC0051,ACC0143,45893,2026-05-21 23:18:43.329451
ACC0143,ACC0161,758,2026-05-06 21:01:43.329451
ACC0038,ACC0028,3763,2026-05-28 02:06:43.329451
ACC0193,ACC0143,1581,2026-04-22 09:04:43.329451
ACC0193,ACC0037,3831,2026-05-19 20:37:43.329451
ACC0128,ACC0075,2575,2026-05-12 05:54:43.329451
ACC0139,ACC0180,1637,2026-04-16 11:45:43.329451
ACC0066,ACC0114,3193,2026-05-19 13:26:43.329451
ACC0130,ACC0182,4508,2026-04-01 20:04:43.329451
ACC0120,ACC0061,2666,2026-05-23 07:03:43.329451
ACC0165,ACC0089,3162,2026-04-01 09:42:43.329451
ACC0046,ACC0104,3350,2026-04-29 09:43:43.329451
ACC0130,ACC0026,4695,2026-05-05 15:05:43.329451
ACC0088,ACC0136,212,2026-04-01 02:21:43.329451
ACC0099,ACC0032,3297,2026-04-20 01:50:43.329451
ACC0136,ACC0087,2024,2026-03-24 19:10:43.329451
ACC0138,ACC0031,239,2026-04-15 01:12:43.329451
ACC0042,ACC0034,3049,2026-05-17 23:20:43.329451
ACC0039,ACC0164,616,2026-05-24 01:04:43.329451
ACC0050,ACC0169,987,2026-05-09 11:10:43.329451
ACC0195,ACC0061,3204,2026-03-26 04:43:43.329451
ACC0086,ACC0188,149,2026-04-04 15:34:43.329451
ACC0118,ACC0167,4921,2026-05-13 11:03:43.329451
ACC0054,ACC0075,4161,2026-04-02 20:26:43.329451
ACC0048,ACC0110,551,2026-04-29 10:52:43.329451
ACC0034,ACC0036,8765,2026-04-04 23:06:43.329451
ACC0160,ACC0028,14741,2026-03-31 05:54:43.329451
ACC0007,ACC0140,3574,2026-03-29 21:13:43.329451
ACC0023,ACC0058,43709,2026-05-15 15:01:43.329451
ACC0113,ACC0191,2861,2026-03-26 17:36:43.329451
ACC0184,ACC0143,1515,2026-04-23 11:07:43.329451
ACC0097,ACC0137,301,2026-04-23 03:20:43.329451
ACC0015,ACC0016,2469,2026-05-19 19:31:43.329451
ACC0071,ACC0040,1441,2026-04-18 09:52:43.329451
ACC0137,ACC0059,2088,2026-05-21 15:36:43.329451
ACC0063,ACC0097,3902,2026-03-31 15:04:43.329451
ACC0124,ACC0111,3375,2026-05-11 22:42:43.329451
ACC0135,ACC0011,2534,2026-04-29 17:19:43.329451
ACC0189,ACC0162,307,2026-04-12 01:01:43.329451
ACC0159,ACC0010,2733,2026-03-31 06:43:43.329451
ACC0171,ACC0157,4217,2026-03-29 20:47:43.329451
ACC0071,ACC0065,3466,2026-03-26 23:26:43.329451
ACC0085,ACC0192,4864,2026-04-14 23:38:43.329451
ACC0071,ACC0168,2700,2026-04-16 16:13:43.329451
ACC0053,ACC0182,4598,2026-03-26 17:09:43.329451
ACC0033,ACC0110,3654,2026-05-12 19:22:43.329451
ACC0088,ACC0062,2949,2026-04-04 19:02:43.329451
ACC0003,ACC0068,39510,2026-05-30 15:26:43.329451
ACC0127,ACC0126,3949,2026-05-22 23:12:43.329451
ACC0018,ACC0183,4676,2026-03-26 17:45:43.329451
ACC0043,ACC0104,4940,2026-05-05 21:09:43.329451
ACC0037,ACC0143,2655,2026-05-18 13:43:43.329451
ACC0040,ACC0026,4608,2026-05-03 12:05:43.329451
ACC0093,ACC0192,1188,2026-05-29 17:10:43.329451
ACC0096,ACC0092,47137,2026-04-06 02:40:43.329451
ACC0138,ACC0009,4857,2026-05-29 11:18:43.329451
ACC0151,ACC0086,39039,2026-05-30 06:59:43.329451
ACC0093,ACC0096,3015,2026-04-02 22:51:43.329451
ACC0191,ACC0061,4220,2026-04-23 03:56:43.329451
ACC0152,ACC0039,383,2026-04-17 20:40:43.329451
ACC0008,ACC0161,3028,2026-05-02 08:21:43.329451
ACC0010,ACC0181,916,2026-04-15 23:34:43.329451
ACC0035,ACC0153,2020,2026-04-07 22:13:43.329451
ACC0195,ACC0187,3244,2026-04-05 05:00:43.329451
ACC0151,ACC0142,7093,2026-05-22 14:07:43.329451
ACC0113,ACC0101,275,2026-04-12 08:51:43.329451
ACC0104,ACC0065,48664,2026-04-04 09:43:43.329451
ACC0126,ACC0006,1918,2026-04-03 04:51:43.329451
ACC0086,ACC0098,4885,2026-05-17 17:58:43.329451
ACC0055,ACC0075,1879,2026-05-26 05:18:43.329451
ACC0042,ACC0020,1464,2026-03-26 20:58:43.329451
ACC0166,ACC0107,3442,2026-03-26 16:21:43.329451
ACC0072,ACC0021,3776,2026-05-29 20:46:43.329451
ACC0079,ACC0029,172,2026-03-30 01:03:43.329451
ACC0199,ACC0018,3062,2026-05-10 18:09:43.329451
ACC0013,ACC0045,959,2026-04-30 10:16:43.329451
ACC0136,ACC0146,4238,2026-03-29 05:36:43.329451
ACC0186,ACC0091,2317,2026-05-28 18:15:43.329451
ACC0092,ACC0057,2359,2026-04-17 19:56:43.329451
ACC0075,ACC0082,3851,2026-05-24 09:54:43.329451
ACC0099,ACC0017,468,2026-05-01 03:48:43.329451
ACC0001,ACC0186,250,2026-05-30 18:18:43.329451
ACC0066,ACC0097,2884,2026-03-31 09:36:43.329451
ACC0026,ACC0049,4264,2026-05-28 01:13:43.329451
ACC0076,ACC0054,4997,2026-05-24 07:10:43.329451
ACC0181,ACC0153,160,2026-05-12 09:26:43.329451
ACC0074,ACC0075,4001,2026-04-26 11:43:43.329451
ACC0001,ACC0098,1284,2026-04-01 14:06:43.329451
ACC0164,ACC0145,1651,2026-05-22 18:47:43.329451
ACC0152,ACC0047,1729,2026-04-20 19:21:43.331458
ACC0097,ACC0129,1626,2026-03-28 19:27:43.331458
ACC0085,ACC0031,1461,2026-05-13 09:23:43.331458
ACC0095,ACC0033,2786,2026-04-13 00:06:43.331458
ACC0101,ACC0141,2466,2026-05-21 04:28:43.331458
ACC0040,ACC0070,3857,2026-04-08 15:50:43.331458
ACC0142,ACC0057,39761,2026-05-30 22:43:43.331458
ACC0165,ACC0104,1114,2026-05-24 12:49:43.331458
ACC0023,ACC0158,21986,2026-03-25 21:05:43.331458
ACC0091,ACC0019,790,2026-03-29 15:07:43.331458
ACC0124,ACC0159,589,2026-05-15 09:44:43.331458
ACC0020,ACC0088,2656,2026-05-11 08:51:43.331458
ACC0198,ACC0028,394,2026-04-01 20:45:43.331458
ACC0161,ACC0059,2943,2026-05-18 03:36:43.331458
ACC0088,ACC0047,1817,2026-03-28 04:04:43.331458
ACC0049,ACC0127,4844,2026-05-18 20:55:43.331458
ACC0147,ACC0001,4763,2026-04-02 09:34:43.331458
ACC0018,ACC0047,2917,2026-05-17 15:27:43.331458
ACC0086,ACC0074,4558,2026-04-17 09:02:43.331458
ACC0094,ACC0072,841,2026-04-03 05:51:43.331458
ACC0191,ACC0039,779,2026-05-01 09:25:43.331458
ACC0115,ACC0002,33273,2026-05-04 19:26:43.331458
ACC0033,ACC0129,1458,2026-04-28 18:37:43.331458
ACC0193,ACC0199,162,2026-05-24 02:01:43.331458
ACC0083,ACC0194,3869,2026-05-26 10:40:43.331458
ACC0079,ACC0098,4451,2026-05-03 00:18:43.331458
ACC0149,ACC0107,3744,2026-04-23 23:10:43.331458
ACC0038,ACC0196,2235,2026-04-10 11:33:43.331458
ACC0124,ACC0064,3378,2026-05-26 11:36:43.331458
ACC0070,ACC0146,922,2026-05-06 15:50:43.331458
ACC0144,ACC0025,3081,2026-03-25 21:27:43.331458
ACC0135,ACC0155,220,2026-04-22 04:08:43.331458
ACC0021,ACC0022,1737,2026-05-09 11:31:43.331458
ACC0153,ACC0105,1024,2026-05-06 21:03:43.331458
ACC0005,ACC0038,2168,2026-04-27 05:59:43.331458
ACC0140,ACC0043,2768,2026-04-28 15:06:43.331458
ACC0080,ACC0102,902,2026-05-22 23:16:43.331458
ACC0130,ACC0032,295,2026-05-30 00:45:43.331458
ACC0098,ACC0007,3615,2026-05-07 04:14:43.331458
ACC0050,ACC0198,2459,2026-05-16 19:27:43.331458
ACC0024,ACC0105,3706,2026-04-21 12:52:43.331458
ACC0031,ACC0148,37828,2026-05-13 03:43:43.331458
ACC0160,ACC0104,19387,2026-04-13 07:29:43.331458
ACC0175,ACC0020,2691,2026-04-27 20:36:43.331458
ACC0110,ACC0131,1671,2026-04-18 10:51:43.331458
ACC0024,ACC0113,1300,2026-04-05 02:55:43.331458
ACC0003,ACC0132,24238,2026-05-23 20:25:43.331458
ACC0070,ACC0127,1336,2026-05-31 10:56:43.331458
ACC0140,ACC0046,1129,2026-04-20 05:32:43.331458
ACC0034,ACC0084,23978,2026-04-22 09:54:43.331458
ACC0149,ACC0147,761,2026-03-28 02:43:43.331458
ACC0161,ACC0143,2408,2026-05-08 17:38:43.331458
ACC0027,ACC0112,2612,2026-03-30 00:09:43.331458
ACC0151,ACC0067,21322,2026-05-26 17:04:43.331458
ACC0176,ACC0128,3042,2026-04-25 11:47:43.331458
ACC0189,ACC0128,2604,2026-03-27 16:10:43.331458
ACC0108,ACC0117,1800,2026-03-27 10:10:43.331458
ACC0161,ACC0035,2800,2026-05-15 10:33:43.331458
ACC0050,ACC0199,3729,2026-05-09 05:57:43.331458
ACC0036,ACC0093,4690,2026-04-23 19:56:43.331458
ACC0175,ACC0033,3418,2026-05-06 05:37:43.331458
ACC0094,ACC0189,696,2026-04-01 12:07:43.331458
ACC0118,ACC0156,584,2026-05-02 15:47:43.331458
ACC0140,ACC0101,3189,2026-05-21 21:15:43.331458
ACC0100,ACC0113,4857,2026-04-06 23:31:43.331458
ACC0161,ACC0123,4484,2026-04-16 11:07:43.331458
ACC0156,ACC0081,820,2026-04-12 18:03:43.331458
ACC0192,ACC0026,598,2026-03-30 17:15:43.331458
ACC0001,ACC0022,4829,2026-03-23 02:55:43.331458
ACC0152,ACC0095,3167,2026-03-29 21:26:43.331458
ACC0178,ACC0081,3079,2026-05-11 04:07:43.331458
ACC0196,ACC0035,1836,2026-04-29 09:19:43.331458
ACC0174,ACC0007,3711,2026-03-28 09:47:43.331458
ACC0117,ACC0121,2394,2026-04-13 12:26:43.331458
ACC0100,ACC0191,246,2026-04-28 18:11:43.331458
ACC0080,ACC0125,4082,2026-05-29 03:39:43.331458
ACC0115,ACC0028,42275,2026-04-23 09:37:43.331458
ACC0141,ACC0008,2510,2026-05-25 18:24:43.331458
ACC0108,ACC0010,3460,2026-04-02 13:47:43.331458
ACC0180,ACC0077,3652,2026-04-27 09:42:43.331458
ACC0120,ACC0008,2342,2026-04-05 20:31:43.331458
ACC0183,ACC0117,42865,2026-05-25 13:12:43.331458
ACC0190,ACC0121,2048,2026-03-29 07:35:43.331458
ACC0098,ACC0072,4336,2026-04-22 14:59:43.331458
ACC0180,ACC0031,2020,2026-05-01 00:55:43.331458
ACC0054,ACC0177,4288,2026-05-23 01:45:43.331458
ACC0047,ACC0113,338,2026-05-08 15:40:43.331458
ACC0032,ACC0043,2707,2026-04-12 04:24:43.331458
ACC0121,ACC0092,4440,2026-04-12 14:49:43.331458
ACC0072,ACC0158,3488,2026-04-08 06:52:43.331458
ACC0149,ACC0123,4490,2026-04-02 19:05:43.331458
ACC0090,ACC0178,4266,2026-04-20 19:00:43.331458
ACC0195,ACC0087,4500,2026-05-20 13:42:43.331458
ACC0179,ACC0046,916,2026-03-29 09:40:43.331458
ACC0132,ACC0024,292,2026-05-06 06:19:43.331458
ACC0077,ACC0152,4724,2026-05-04 09:50:43.331458
ACC0119,ACC0019,350,2026-04-26 04:12:43.331458
ACC0094,ACC0071,3800,2026-05-10 05:34:43.331458
ACC0189,ACC0188,2563,2026-04-28 06:55:43.331458
ACC0016,ACC0177,1267,2026-05-02 08:16:43.331458
ACC0030,ACC0185,2779,2026-04-20 10:41:43.331458
ACC0186,ACC0013,4004,2026-05-08 10:40:43.331458
ACC0030,ACC0155,1721,2026-05-21 08:41:43.331458
ACC0156,ACC0091,2572,2026-04-08 13:58:43.331458
ACC0018,ACC0029,1487,2026-05-01 00:38:43.331458
ACC0089,ACC0147,3916,2026-03-26 06:42:43.331458
ACC0196,ACC0072,817,2026-05-23 10:36:43.331458
ACC0129,ACC0199,4534,2026-04-26 23:02:43.331458
ACC0081,ACC0138,4108,2026-03-26 19:56:43.331458
ACC0095,ACC0023,4334,2026-04-13 10:12:43.331458
ACC0042,ACC0049,3089,2026-05-05 13:47:43.331458
ACC0110,ACC0082,2204,2026-05-02 05:37:43.331458
ACC0183,ACC0050,28185,2026-05-01 09:10:43.331458
ACC0060,ACC0074,483,2026-04-25 14:33:43.331458
ACC0035,ACC0040,293,2026-04-07 16:57:43.331458
ACC0003,ACC0080,41487,2026-05-29 18:11:43.331458
ACC0096,ACC0199,7763,2026-03-28 00:42:43.331458
ACC0150,ACC0171,2439,2026-05-13 23:25:43.331458
ACC0029,ACC0171,2972,2026-04-08 04:24:43.331458
ACC0061,ACC0069,4880,2026-05-05 21:27:43.331458
ACC0171,ACC0035,2704,2026-03-29 23:31:43.331458
ACC0143,ACC0165,2482,2026-04-27 01:09:43.331458
ACC0147,ACC0173,4416,2026-05-08 08:30:43.331458
ACC0062,ACC0026,1869,2026-05-12 20:06:43.331458
ACC0044,ACC0038,102,2026-04-10 04:59:43.331458
ACC0097,ACC0163,4235,2026-04-06 01:02:43.331458
ACC0102,ACC0189,2721,2026-05-16 06:22:43.331458
ACC0136,ACC0024,2990,2026-03-27 18:07:43.331458
ACC0186,ACC0175,2766,2026-05-25 23:26:43.331458
ACC0138,ACC0001,3406,2026-05-08 04:07:43.331458
ACC0038,ACC0031,1185,2026-05-02 05:13:43.331458
ACC0120,ACC0017,770,2026-03-30 14:21:43.331458
ACC0006,ACC0195,22889,2026-04-22 22:20:43.331458
ACC0119,ACC0013,3675,2026-04-07 00:10:43.331458
ACC0063,ACC0157,2055,2026-05-16 12:33:43.331458
ACC0107,ACC0032,21633,2026-05-07 11:32:43.331458
ACC0189,ACC0105,3539,2026-05-09 05:00:43.331458
ACC0013,ACC0033,1953,2026-04-20 16:25:43.331458
ACC0005,ACC0183,3485,2026-04-07 20:53:43.331458
ACC0020,ACC0010,3892,2026-04-30 17:26:43.331458
ACC0010,ACC0068,143,2026-05-17 15:56:43.331458
ACC0152,ACC0148,2718,2026-04-01 09:54:43.331458
ACC0060,ACC0117,3263,2026-05-06 18:02:43.331458
ACC0047,ACC0012,319,2026-05-07 10:59:43.331458
ACC0149,ACC0044,3072,2026-04-07 21:51:43.331458
ACC0108,ACC0118,2548,2026-03-27 13:29:43.331458
ACC0143,ACC0123,2874,2026-05-19 11:38:43.331458
ACC0012,ACC0181,3046,2026-04-04 23:21:43.331458
ACC0180,ACC0008,903,2026-04-15 16:47:43.331458
ACC0187,ACC0054,3656,2026-03-31 13:56:43.331458
ACC0138,ACC0117,1593,2026-04-22 11:59:43.331458
ACC0119,ACC0062,2991,2026-04-20 13:03:43.331458
ACC0149,ACC0180,3616,2026-05-04 08:14:43.331458
ACC0058,ACC0059,37821,2026-04-25 15:05:43.331458
ACC0165,ACC0184,3691,2026-05-19 17:53:43.331458
ACC0078,ACC0019,43712,2026-04-16 17:21:43.331458
ACC0012,ACC0099,1054,2026-05-24 04:07:43.331458
ACC0022,ACC0024,1729,2026-04-08 10:03:43.331458
ACC0162,ACC0099,749,2026-05-01 11:25:43.331458
ACC0039,ACC0105,4590,2026-05-16 09:13:43.331458
ACC0049,ACC0178,2740,2026-04-24 18:39:43.331458
ACC0024,ACC0106,2661,2026-04-19 11:19:43.331458
ACC0084,ACC0195,470,2026-03-23 16:31:43.331458
ACC0111,ACC0041,4986,2026-05-26 08:27:43.331458
ACC0070,ACC0157,483,2026-05-11 18:59:43.331458
ACC0079,ACC0122,2652,2026-04-24 10:30:43.331458
ACC0159,ACC0042,2825,2026-05-23 01:26:43.331458
ACC0065,ACC0018,3393,2026-05-15 20:44:43.331458
ACC0180,ACC0185,4351,2026-04-30 08:04:43.331458
ACC0163,ACC0075,1022,2026-05-12 10:26:43.331458
ACC0103,ACC0014,3146,2026-03-23 10:18:43.331458
ACC0093,ACC0086,2535,2026-05-14 20:41:43.331458
ACC0162,ACC0054,1914,2026-05-05 08:51:43.331458
ACC0178,ACC0129,1463,2026-04-27 10:07:43.331458
ACC0107,ACC0170,25324,2026-05-15 16:05:43.331458
ACC0124,ACC0170,303,2026-05-20 01:28:43.331458
ACC0091,ACC0015,4587,2026-03-29 10:32:43.331458
ACC0180,ACC0190,3848,2026-04-15 06:43:43.331458
ACC0030,ACC0068,4600,2026-05-14 01:29:43.331458
ACC0008,ACC0082,1640,2026-05-18 04:13:43.331458
ACC0133,ACC0143,3291,2026-05-08 07:35:43.331458
ACC0030,ACC0114,3859,2026-05-30 02:09:43.331458
ACC0000,ACC0121,465,2026-04-30 14:57:43.331458
ACC0077,ACC0040,4650,2026-05-22 22:41:43.331458
ACC0011,ACC0184,4272,2026-05-11 11:31:43.331458
ACC0060,ACC0098,2478,2026-04-26 13:55:43.331458
ACC0150,ACC0064,3939,2026-05-04 20:35:43.331458
ACC0046,ACC0183,2835,2026-03-25 16:30:43.331458
ACC0110,ACC0186,3447,2026-04-09 04:29:43.331458
ACC0014,ACC0011,398,2026-05-08 03:08:43.331458
ACC0014,ACC0085,1214,2026-05-21 04:44:43.331458
ACC0029,ACC0157,2605,2026-04-26 09:26:43.331458
ACC0166,ACC0052,4560,2026-05-15 07:26:43.331458
ACC0164,ACC0145,4546,2026-05-11 21:30:43.331458
ACC0183,ACC0125,24212,2026-04-17 13:28:43.331458
ACC0167,ACC0106,2950,2026-04-08 14:38:43.331458
ACC0077,ACC0099,3870,2026-04-12 20:22:43.331458
ACC0169,ACC0075,30525,2026-04-06 02:54:43.331458
ACC0025,ACC0065,4703,2026-04-17 23:05:43.331458
ACC0053,ACC0026,2950,2026-05-08 16:19:43.331458
ACC0171,ACC0160,3586,2026-05-01 08:43:43.331458
ACC0108,ACC0049,1019,2026-04-24 23:36:43.331458
ACC0172,ACC0185,1091,2026-04-16 06:26:43.331458
ACC0025,ACC0144,3939,2026-04-03 18:54:43.331458
ACC0195,ACC0068,3526,2026-04-29 09:45:43.331458
ACC0038,ACC0178,4904,2026-03-24 09:40:43.331458
ACC0021,ACC0117,3296,2026-03-25 14:39:43.331458
ACC0092,ACC0199,4534,2026-04-08 13:20:43.331458
ACC0032,ACC0110,167,2026-04-09 05:48:43.331458
ACC0166,ACC0013,4578,2026-05-25 20:22:43.331458
ACC0026,ACC0196,2830,2026-05-06 08:23:43.331458
ACC0056,ACC0078,672,2026-05-03 21:02:43.331458
ACC0075,ACC0102,2358,2026-05-23 20:18:43.331458
ACC0016,ACC0066,750,2026-05-27 13:31:43.331458
ACC0001,ACC0100,2687,2026-04-13 18:34:43.331458
ACC0172,ACC0184,1438,2026-04-12 13:40:43.331458
ACC0047,ACC0038,3734,2026-05-16 03:48:43.331458
ACC0174,ACC0117,2927,2026-05-10 12:55:43.331458
ACC0029,ACC0132,2317,2026-04-24 23:01:43.331458
ACC0062,ACC0086,1137,2026-05-21 19:26:43.331458
ACC0027,ACC0190,4483,2026-03-27 05:02:43.331458
ACC0047,ACC0025,3061,2026-05-17 22:22:43.331458
ACC0196,ACC0191,1198,2026-03-29 07:41:43.331458
ACC0040,ACC0136,3816,2026-05-06 10:10:43.331458
ACC0173,ACC0191,1548,2026-05-31 03:42:43.331458
ACC0133,ACC0044,3004,2026-04-06 19:28:43.331458
ACC0030,ACC0067,2605,2026-05-30 21:55:43.331458
ACC0063,ACC0027,1974,2026-03-26 13:12:43.331458
ACC0168,ACC0009,1778,2026-05-19 17:53:43.331458
ACC0077,ACC0187,4601,2026-05-24 15:31:43.331458
ACC0094,ACC0054,3925,2026-05-15 06:02:43.331458
ACC0169,ACC0074,26133,2026-04-30 16:37:43.331458
ACC0022,ACC0125,4629,2026-04-03 20:57:43.331458
ACC0128,ACC0167,4100,2026-04-10 02:10:43.331458
ACC0062,ACC0054,306,2026-04-01 06:37:43.331458
ACC0137,ACC0140,1419,2026-04-15 05:55:43.331458
ACC0017,ACC0139,9627,2026-04-22 06:51:43.331458
ACC0033,ACC0134,2790,2026-05-29 06:57:43.331458
ACC0175,ACC0020,189,2026-05-27 22:19:43.333198
ACC0088,ACC0000,4208,2026-05-18 01:48:43.333198
ACC0162,ACC0049,1957,2026-05-13 22:12:43.333198
ACC0048,ACC0075,1044,2026-05-18 05:39:43.333198
ACC0064,ACC0121,3975,2026-05-14 21:23:43.333198
ACC0126,ACC0164,1710,2026-05-14 12:33:43.333198
ACC0091,ACC0125,3023,2026-05-15 23:13:43.333198
ACC0013,ACC0007,3982,2026-04-08 02:43:43.333198
ACC0158,ACC0048,4491,2026-03-30 17:03:43.333198
ACC0058,ACC0135,10021,2026-03-24 11:52:43.333198
ACC0150,ACC0053,4835,2026-04-25 18:13:43.333198
ACC0166,ACC0091,4823,2026-05-04 05:22:43.333198
ACC0007,ACC0107,1041,2026-04-06 22:19:43.333198
ACC0132,ACC0137,2666,2026-04-03 23:37:43.333198
ACC0124,ACC0049,1054,2026-04-15 03:54:43.333198
ACC0162,ACC0192,1043,2026-04-20 04:46:43.333198
ACC0140,ACC0055,3427,2026-05-10 21:04:43.333198
ACC0190,ACC0056,4374,2026-05-01 20:04:43.333198
ACC0147,ACC0054,1357,2026-04-04 08:08:43.333198
ACC0079,ACC0169,3394,2026-05-21 00:32:43.333198
ACC0131,ACC0172,1330,2026-05-12 15:22:43.333198
ACC0132,ACC0015,984,2026-04-13 09:31:43.333198
ACC0129,ACC0015,3956,2026-05-06 14:49:43.333198
ACC0115,ACC0118,11953,2026-05-09 06:19:43.333198
ACC0150,ACC0042,1024,2026-03-31 11:18:43.333198
ACC0180,ACC0136,4689,2026-05-07 17:18:43.333198
ACC0092,ACC0086,1194,2026-05-07 02:53:43.333198
ACC0058,ACC0105,30338,2026-03-28 08:37:43.333198
ACC0196,ACC0137,4245,2026-05-09 06:11:43.333198
ACC0119,ACC0116,2875,2026-03-25 01:29:43.333198
ACC0063,ACC0080,4759,2026-04-29 17:14:43.333198
ACC0162,ACC0133,3255,2026-04-21 21:08:43.333198
ACC0004,ACC0020,2140,2026-04-06 05:37:43.333198
ACC0076,ACC0017,683,2026-04-23 15:45:43.333198
ACC0189,ACC0029,4431,2026-04-08 21:21:43.333198
ACC0001,ACC0007,2042,2026-04-18 15:13:43.333198
ACC0075,ACC0117,209,2026-05-13 20:33:43.333198
ACC0034,ACC0156,38629,2026-04-22 18:09:43.333198
ACC0063,ACC0012,1183,2026-04-04 05:03:43.333198
ACC0029,ACC0004,4234,2026-05-20 20:24:43.333198
ACC0028,ACC0186,736,2026-04-03 22:36:43.333198
ACC0012,ACC0093,4231,2026-04-30 10:07:43.333198
ACC0032,ACC0150,3257,2026-04-19 05:41:43.333198
ACC0075,ACC0096,3394,2026-05-05 00:07:43.333198
ACC0031,ACC0123,43847,2026-05-22 21:39:43.333198
ACC0093,ACC0048,2530,2026-05-18 20:49:43.333198
ACC0014,ACC0182,4066,2026-05-20 14:57:43.333198
ACC0063,ACC0135,3813,2026-03-30 10:10:43.333198
ACC0103,ACC0112,4206,2026-05-29 04:59:43.333198
ACC0017,ACC0045,15335,2026-05-15 01:31:43.333198
ACC0047,ACC0135,2600,2026-04-28 16:57:43.333198
ACC0186,ACC0052,4681,2026-05-07 21:35:43.333198
ACC0057,ACC0021,1547,2026-05-17 22:49:43.333198
ACC0193,ACC0158,2043,2026-05-14 22:46:43.333198
ACC0011,ACC0045,3283,2026-04-06 05:17:43.333198
ACC0141,ACC0052,3316,2026-05-17 23:52:43.333198
ACC0035,ACC0148,3418,2026-04-25 11:38:43.333198
ACC0082,ACC0153,1090,2026-04-10 17:19:43.333198
ACC0126,ACC0067,2253,2026-05-02 22:47:43.333198
ACC0180,ACC0010,876,2026-03-28 00:03:43.333198
ACC0191,ACC0059,787,2026-05-12 02:14:43.333198
ACC0131,ACC0073,2253,2026-05-24 23:06:43.333198
ACC0057,ACC0002,1626,2026-04-01 08:18:43.333198
ACC0171,ACC0045,2996,2026-04-01 18:57:43.333198
ACC0183,ACC0193,36379,2026-04-16 14:23:43.333198
ACC0160,ACC0184,33378,2026-04-23 19:19:43.333198
ACC0101,ACC0087,944,2026-05-21 19:21:43.333198
ACC0192,ACC0111,546,2026-05-06 01:49:43.333198
ACC0034,ACC0022,22618,2026-05-26 23:25:43.333198
ACC0086,ACC0003,326,2026-05-17 07:05:43.333198
ACC0136,ACC0189,3059,2026-04-12 04:18:43.333198
ACC0175,ACC0035,1930,2026-04-30 11:33:43.333198
ACC0090,ACC0018,286,2026-05-07 00:49:43.333198
ACC0029,ACC0108,2032,2026-03-27 22:36:43.333198
ACC0090,ACC0081,948,2026-04-14 15:04:43.333198
ACC0133,ACC0181,1352,2026-04-12 05:07:43.333198
ACC0143,ACC0183,1981,2026-05-08 14:35:43.333198
ACC0093,ACC0195,1730,2026-05-17 02:43:43.333198
ACC0153,ACC0035,3303,2026-03-31 09:33:43.333198
ACC0110,ACC0010,1674,2026-04-29 12:01:43.333198
ACC0046,ACC0060,2992,2026-04-14 20:41:43.333198
ACC0004,ACC0057,3358,2026-04-05 17:55:43.333198
ACC0107,ACC0132,8262,2026-04-15 00:51:43.333198
ACC0166,ACC0039,319,2026-04-04 15:00:43.333198
ACC0158,ACC0062,1857,2026-04-23 13:10:43.333198
ACC0094,ACC0121,1766,2026-05-10 18:20:43.333198
ACC0038,ACC0004,2885,2026-03-23 18:49:43.333198
ACC0105,ACC0169,505,2026-04-17 04:03:43.333198
ACC0024,ACC0085,2394,2026-05-25 19:29:43.333198
ACC0024,ACC0132,2153,2026-05-13 15:07:43.333198
ACC0160,ACC0175,31143,2026-05-23 07:18:43.333198
ACC0144,ACC0154,3053,2026-04-01 13:10:43.333198
ACC0151,ACC0048,19079,2026-04-26 22:22:43.333198
ACC0148,ACC0077,926,2026-04-27 04:12:43.333198
ACC0099,ACC0110,4008,2026-04-21 22:51:43.333198
ACC0009,ACC0101,407,2026-05-17 19:12:43.333198
ACC0103,ACC0085,2434,2026-05-11 02:35:43.333198
ACC0161,ACC0006,4920,2026-04-08 09:35:43.333198
ACC0126,ACC0161,3658,2026-05-17 01:30:43.333198
ACC0135,ACC0033,3577,2026-04-24 05:00:43.333198
ACC0038,ACC0105,2786,2026-05-29 11:27:43.333198
ACC0189,ACC0017,375,2026-05-18 09:41:43.333198
ACC0007,ACC0154,2864,2026-05-31 07:36:43.333198
ACC0027,ACC0141,2073,2026-04-02 14:13:43.333198
ACC0091,ACC0030,4676,2026-04-13 06:48:43.333198
ACC0178,ACC0062,1010,2026-04-26 00:44:43.333198
ACC0079,ACC0122,3229,2026-04-11 23:26:43.333198
ACC0118,ACC0110,4304,2026-04-07 17:47:43.333198
ACC0181,ACC0009,427,2026-03-28 17:21:43.333198
ACC0141,ACC0067,414,2026-04-07 21:19:43.333198
ACC0110,ACC0189,1234,2026-04-08 10:38:43.333198
ACC0096,ACC0158,29486,2026-03-28 22:00:43.333198
ACC0193,ACC0166,255,2026-04-12 03:44:43.333198
ACC0009,ACC0030,1824,2026-04-25 02:17:43.333198
ACC0013,ACC0138,986,2026-03-27 20:07:43.333198
ACC0010,ACC0134,2905,2026-03-23 18:47:43.333198
ACC0000,ACC0169,1012,2026-04-25 02:03:43.333198
ACC0019,ACC0166,970,2026-03-27 02:52:43.333198
ACC0106,ACC0022,597,2026-05-07 13:48:43.333198
ACC0147,ACC0178,1217,2026-04-30 17:43:43.333198
ACC0082,ACC0107,2928,2026-03-26 07:10:43.333198
ACC0172,ACC0049,1747,2026-04-06 09:38:43.333198
ACC0025,ACC0110,3083,2026-04-11 08:05:43.333198
ACC0042,ACC0141,242,2026-03-26 06:40:43.333198
ACC0038,ACC0190,2861,2026-04-07 02:44:43.333198
ACC0180,ACC0156,2531,2026-04-24 06:48:43.333198
ACC0127,ACC0069,1948,2026-05-10 00:05:43.333198
ACC0007,ACC0077,2796,2026-05-07 14:27:43.333198
ACC0083,ACC0071,3172,2026-04-09 14:37:43.333198
ACC0095,ACC0142,2886,2026-04-28 23:10:43.333198
ACC0018,ACC0140,3891,2026-03-29 01:52:43.333198
ACC0058,ACC0184,41639,2026-04-17 08:45:43.333198
ACC0066,ACC0097,1604,2026-05-17 21:00:43.333198
ACC0156,ACC0169,3051,2026-04-21 16:17:43.333198
ACC0054,ACC0158,1790,2026-05-20 18:03:43.333198
ACC0053,ACC0149,1444,2026-03-25 15:10:43.333198
ACC0032,ACC0128,3403,2026-04-25 06:07:43.333198
ACC0098,ACC0064,982,2026-05-11 13:02:43.333198
ACC0066,ACC0118,2762,2026-05-15 17:12:43.333198
ACC0153,ACC0096,1604,2026-04-09 03:16:43.333198
ACC0062,ACC0092,4024,2026-04-21 10:25:43.333198
ACC0047,ACC0034,3578,2026-04-09 05:53:43.333198
ACC0020,ACC0151,4585,2026-04-30 00:35:43.333198
ACC0124,ACC0036,4809,2026-03-30 00:52:43.333198
ACC0078,ACC0159,30068,2026-04-15 21:45:43.333198
ACC0159,ACC0079,598,2026-04-12 14:59:43.333198
ACC0114,ACC0062,1356,2026-04-01 15:50:43.333198
ACC0102,ACC0183,2286,2026-05-15 07:29:43.333198
ACC0165,ACC0048,916,2026-03-27 17:40:43.333198
ACC0179,ACC0163,1573,2026-03-29 05:14:43.333198
ACC0062,ACC0051,4299,2026-05-07 11:50:43.333198
ACC0126,ACC0140,970,2026-05-24 10:38:43.333198
ACC0123,ACC0187,372,2026-05-25 03:31:43.333198
ACC0081,ACC0020,3318,2026-04-05 22:57:43.333198
ACC0183,ACC0094,6051,2026-04-09 06:11:43.333198
ACC0017,ACC0163,16382,2026-04-07 07:16:43.333198
ACC0078,ACC0132,37323,2026-04-30 11:15:43.333198
ACC0122,ACC0084,3389,2026-04-07 17:57:43.333198
ACC0093,ACC0132,2205,2026-03-26 05:32:43.333198
ACC0019,ACC0044,407,2026-04-22 01:03:43.333198
ACC0017,ACC0192,8359,2026-03-26 10:48:43.333198
ACC0089,ACC0042,3276,2026-03-23 09:57:43.333198
ACC0174,ACC0095,2847,2026-04-11 17:10:43.333198
ACC0029,ACC0125,1478,2026-04-23 08:11:43.333198
ACC0114,ACC0193,4991,2026-05-28 02:00:43.333198
ACC0197,ACC0048,6961,2026-05-22 20:55:43.333198
ACC0038,ACC0084,2963,2026-05-08 22:41:43.333198
ACC0189,ACC0017,2756,2026-04-22 19:57:43.333198
ACC0083,ACC0047,4667,2026-04-27 15:05:43.333198
ACC0094,ACC0185,4105,2026-04-30 15:09:43.333198
ACC0060,ACC0071,1022,2026-04-18 18:56:43.333198
ACC0099,ACC0021,4562,2026-05-01 01:13:43.333198
ACC0119,ACC0062,283,2026-05-29 05:14:43.333198
ACC0161,ACC0048,1498,2026-04-08 09:48:43.333198
ACC0034,ACC0196,45446,2026-03-25 03:35:43.333198
ACC0132,ACC0152,1373,2026-03-27 21:53:43.333198
ACC0066,ACC0177,3149,2026-04-26 15:44:43.333198
ACC0041,ACC0046,1405,2026-03-24 07:53:43.333198
ACC0103,ACC0122,3181,2026-05-09 08:38:43.333198
ACC0139,ACC0080,4347,2026-03-31 23:18:43.333198
ACC0011,ACC0167,2077,2026-05-17 20:14:43.333198
ACC0159,ACC0052,2611,2026-04-27 05:30:43.333198
ACC0059,ACC0086,1286,2026-04-18 13:33:43.333198
ACC0014,ACC0161,4300,2026-04-30 11:48:43.333198
ACC0043,ACC0084,2498,2026-04-07 04:55:43.333198
ACC0158,ACC0188,4335,2026-05-17 06:26:43.333198
ACC0008,ACC0086,1811,2026-04-14 11:46:43.333198
ACC0101,ACC0183,228,2026-05-13 08:55:43.333198
ACC0033,ACC0085,4865,2026-05-17 09:58:43.333198
ACC0028,ACC0062,4344,2026-05-11 01:09:43.333198
ACC0195,ACC0020,727,2026-04-07 17:07:43.333198
ACC0067,ACC0091,2144,2026-03-27 12:08:43.333198
ACC0066,ACC0186,2441,2026-03-27 17:46:43.333198
ACC0130,ACC0054,349,2026-05-18 03:23:43.333198
ACC0190,ACC0145,1074,2026-05-13 13:31:43.333198
ACC0044,ACC0080,1083,2026-05-13 20:48:43.333198
ACC0100,ACC0011,3037,2026-05-20 06:12:43.333198
ACC0069,ACC0007,2217,2026-05-06 22:32:43.333198
ACC0096,ACC0112,34546,2026-04-22 04:29:43.333198
ACC0062,ACC0124,1426,2026-05-02 18:42:43.333198
ACC0149,ACC0067,2087,2026-05-14 02:47:43.333198
ACC0127,ACC0150,4856,2026-05-22 12:06:43.333198
ACC0053,ACC0088,2873,2026-04-29 15:45:43.333198
ACC0135,ACC0025,1786,2026-04-21 14:17:43.333198
ACC0170,ACC0053,2086,2026-04-22 06:31:43.333198
ACC0048,ACC0125,2285,2026-04-24 08:00:43.333198
ACC0066,ACC0061,1108,2026-05-28 22:09:43.333198
ACC0012,ACC0011,4398,2026-04-12 19:08:43.333198
ACC0049,ACC0143,4387,2026-04-23 05:51:43.333198
ACC0150,ACC0127,3408,2026-05-07 14:28:43.333198
ACC0166,ACC0059,410,2026-05-17 00:30:43.333198
ACC0031,ACC0010,39028,2026-05-17 10:36:43.333198
ACC0138,ACC0199,3368,2026-05-19 18:24:43.333198
ACC0151,ACC0162,35266,2026-03-26 01:27:43.333198
ACC0084,ACC0167,459,2026-05-21 19:41:43.333198
ACC0110,ACC0041,2966,2026-05-27 10:54:43.333198
ACC0092,ACC0192,2111,2026-05-04 10:53:43.333198
ACC0086,ACC0006,4106,2026-05-07 15:59:43.333198
ACC0062,ACC0083,2864,2026-04-26 19:10:43.333198
ACC0012,ACC0029,831,2026-04-13 06:55:43.333198
ACC0096,ACC0060,34277,2026-05-02 16:18:43.333198
ACC0053,ACC0006,3906,2026-05-09 17:35:43.333198
ACC0066,ACC0095,1819,2026-04-16 09:46:43.333198
ACC0088,ACC0022,4869,2026-05-04 03:38:43.333198
ACC0142,ACC0089,6587,2026-04-23 13:22:43.333198
ACC0097,ACC0126,377,2026-04-01 10:25:43.333198
ACC0195,ACC0098,1736,2026-04-08 20:26:43.333198
ACC0063,ACC0013,2532,2026-04-01 22:48:43.333198
ACC0167,ACC0043,4956,2026-04-27 18:55:43.333198
ACC0032,ACC0112,1549,2026-05-17 01:08:43.333198
ACC0121,ACC0153,1332,2026-05-01 06:14:43.333198
ACC0113,ACC0096,2128,2026-04-18 00:41:43.333198
ACC0147,ACC0197,3858,2026-04-19 21:19:43.333198
ACC0128,ACC0054,756,2026-04-06 22:00:43.333198
ACC0104,ACC0017,5589,2026-04-01 12:28:43.333198
ACC0015,ACC0165,2921,2026-04-18 18:30:43.333198
ACC0090,ACC0169,1362,2026-04-27 08:49:43.333198
ACC0081,ACC0117,3616,2026-04-16 04:19:43.333198
ACC0077,ACC0171,3680,2026-04-27 05:32:43.333198
ACC0147,ACC0129,1876,2026-05-29 20:10:43.333198
ACC0086,ACC0078,1368,2026-03-23 13:53:43.333198
ACC0109,ACC0057,2822,2026-05-25 02:37:43.333198
ACC0027,ACC0199,4201,2026-05-22 08:03:43.333198
ACC0003,ACC0109,5406,2026-04-10 21:52:43.333198
ACC0120,ACC0113,3176,2026-05-19 11:43:43.333198
ACC0078,ACC0099,16795,2026-04-12 22:11:43.333198
ACC0033,ACC0111,809,2026-04-14 05:18:43.333198
ACC0198,ACC0071,4949,2026-03-31 07:03:43.333198
ACC0005,ACC0041,1511,2026-05-27 19:44:43.333198
ACC0009,ACC0035,4721,2026-04-20 16:43:43.333198
ACC0119,ACC0022,3050,2026-05-21 07:53:43.333198
ACC0150,ACC0040,4751,2026-05-26 07:06:43.333198
ACC0146,ACC0070,4214,2026-04-24 04:10:43.333198
ACC0139,ACC0181,1103,2026-05-12 18:30:43.333198
ACC0140,ACC0163,2566,2026-03-28 15:02:43.333198
ACC0148,ACC0146,2039,2026-05-19 00:53:43.333198
ACC0119,ACC0186,1798,2026-05-03 04:09:43.333198
ACC0019,ACC0053,4627,2026-05-24 09:49:43.333198
ACC0037,ACC0026,1995,2026-04-28 21:53:43.333198
ACC0046,ACC0104,4340,2026-04-26 16:07:43.333198
ACC0181,ACC0078,2502,2026-05-05 09:29:43.333198
ACC0009,ACC0153,3312,2026-04-18 22:11:43.333198
ACC0020,ACC0143,1251,2026-04-08 15:39:43.333198
ACC0141,ACC0005,2056,2026-05-03 22:01:43.333198
ACC0090,ACC0190,4658,2026-04-28 20:11:43.333198
ACC0106,ACC0074,4007,2026-03-23 17:21:43.333198
ACC0119,ACC0009,286,2026-04-29 01:13:43.333198
ACC0023,ACC0076,9827,2026-03-25 18:49:43.333198
ACC0158,ACC0151,4624,2026-03-29 01:33:43.333198
ACC0180,ACC0163,2384,2026-05-27 20:39:43.333198
ACC0106,ACC0120,4966,2026-05-11 13:05:43.333198
ACC0154,ACC0016,4987,2026-04-13 08:42:43.333198
ACC0009,ACC0144,4366,2026-04-20 04:42:43.333198
ACC0092,ACC0139,3658,2026-04-09 06:04:43.333198
ACC0082,ACC0040,1061,2026-04-24 17:53:43.333198
ACC0024,ACC0189,3675,2026-04-21 02:53:43.333198
ACC0198,ACC0019,2518,2026-05-05 21:06:43.333198
ACC0086,ACC0196,1101,2026-04-24 14:14:43.335204
ACC0134,ACC0024,2945,2026-04-09 07:43:43.335204
ACC0006,ACC0178,32877,2026-04-21 06:31:43.335204
ACC0144,ACC0050,2880,2026-05-19 21:06:43.335204
ACC0147,ACC0139,3781,2026-05-05 19:58:43.335204
ACC0143,ACC0097,2810,2026-04-21 09:56:43.335204
ACC0090,ACC0111,2497,2026-04-21 19:31:43.335204
ACC0181,ACC0115,2075,2026-05-30 09:35:43.335204
ACC0004,ACC0150,2641,2026-05-04 02:21:43.335204
ACC0159,ACC0040,3175,2026-05-29 08:28:43.335204
ACC0021,ACC0194,3066,2026-04-03 05:39:43.335204
ACC0066,ACC0175,387,2026-05-17 22:31:43.335204
ACC0046,ACC0131,3954,2026-04-26 09:53:43.335204
ACC0148,ACC0093,707,2026-05-28 09:20:43.335204
ACC0181,ACC0028,1864,2026-05-25 00:15:43.335204
ACC0022,ACC0039,1335,2026-04-14 04:25:43.335204
ACC0011,ACC0060,4062,2026-04-07 04:42:43.335204
ACC0150,ACC0084,3277,2026-05-28 23:10:43.335204
ACC0066,ACC0191,1575,2026-05-01 02:16:43.335204
ACC0092,ACC0073,908,2026-05-02 10:14:43.335204
ACC0095,ACC0078,2563,2026-04-26 21:55:43.335204
ACC0128,ACC0194,2601,2026-03-27 15:18:43.335204
ACC0188,ACC0063,1316,2026-05-17 08:37:43.335204
ACC0009,ACC0165,2297,2026-05-21 16:41:43.335204
ACC0039,ACC0033,2906,2026-05-12 12:46:43.335204
ACC0024,ACC0174,2223,2026-03-29 13:22:43.335204
ACC0087,ACC0126,3441,2026-04-17 19:19:43.335204
ACC0171,ACC0070,940,2026-05-30 06:58:43.335204
ACC0127,ACC0191,4909,2026-04-26 15:34:43.335204
ACC0058,ACC0019,21508,2026-04-02 09:46:43.335204
ACC0026,ACC0150,3031,2026-04-29 08:57:43.335204
ACC0185,ACC0097,4225,2026-04-17 06:24:43.335204
ACC0152,ACC0075,3071,2026-05-07 09:27:43.335204
ACC0139,ACC0031,2515,2026-03-26 18:50:43.335204
ACC0178,ACC0036,3196,2026-05-30 10:23:43.335204
ACC0079,ACC0004,817,2026-04-02 04:31:43.335204
ACC0013,ACC0000,1116,2026-05-12 00:11:43.335204
ACC0164,ACC0132,4801,2026-05-26 20:10:43.335204
ACC0001,ACC0013,2060,2026-03-23 13:20:43.335204
ACC0138,ACC0000,1457,2026-04-07 23:18:43.335204
ACC0088,ACC0000,215,2026-03-28 12:25:43.335204
ACC0117,ACC0171,1901,2026-04-08 20:38:43.335204
ACC0181,ACC0046,1720,2026-04-11 11:48:43.335204
ACC0117,ACC0057,4880,2026-05-12 10:26:43.335204
ACC0056,ACC0193,3892,2026-04-13 23:55:43.335204
ACC0140,ACC0034,1077,2026-04-19 14:22:43.335204
ACC0043,ACC0154,883,2026-05-14 07:36:43.335204
ACC0074,ACC0049,1653,2026-04-18 13:10:43.335204
ACC0166,ACC0058,1112,2026-04-10 05:18:43.335204
ACC0083,ACC0029,1981,2026-05-04 01:45:43.335204
ACC0118,ACC0133,4686,2026-05-14 04:26:43.335204
ACC0066,ACC0096,338,2026-05-15 16:41:43.335204
ACC0141,ACC0065,2445,2026-05-20 02:53:43.335204
ACC0093,ACC0041,1456,2026-03-25 19:01:43.335204
ACC0053,ACC0005,2430,2026-05-28 07:06:43.335204
ACC0097,ACC0077,2002,2026-05-23 01:47:43.335204
ACC0198,ACC0074,4770,2026-05-15 05:05:43.335204
ACC0157,ACC0103,2159,2026-05-20 01:48:43.335204
ACC0068,ACC0198,1889,2026-05-11 23:10:43.335204
ACC0002,ACC0125,116,2026-04-29 12:10:43.335204
ACC0067,ACC0082,4448,2026-04-04 08:08:43.335204
ACC0165,ACC0148,4571,2026-04-03 09:25:43.335204
ACC0053,ACC0180,3128,2026-05-14 02:57:43.335204
ACC0088,ACC0114,189,2026-04-25 10:29:43.335204
ACC0027,ACC0007,2943,2026-03-26 16:35:43.335204
ACC0045,ACC0155,1984,2026-03-24 20:58:43.335204
ACC0159,ACC0087,4271,2026-05-20 11:00:43.335204
ACC0042,ACC0020,1025,2026-03-27 09:06:43.335204
ACC0198,ACC0160,1069,2026-04-15 06:42:43.335204
ACC0107,ACC0029,43892,2026-04-25 04:45:43.335204
ACC0069,ACC0049,1504,2026-03-30 20:12:43.335204
ACC0064,ACC0169,4390,2026-04-13 06:34:43.335204
ACC0090,ACC0018,4423,2026-04-05 01:46:43.335204
ACC0092,ACC0158,4113,2026-03-30 03:18:43.335204
ACC0059,ACC0028,4656,2026-05-16 21:35:43.335204
ACC0156,ACC0059,3192,2026-04-24 12:41:43.335204
ACC0111,ACC0000,2174,2026-05-14 23:30:43.335204
ACC0122,ACC0138,384,2026-04-06 08:05:43.335204
ACC0035,ACC0166,1287,2026-05-28 19:03:43.335204
ACC0114,ACC0120,3065,2026-04-13 00:57:43.335204
ACC0042,ACC0073,883,2026-05-03 20:36:43.335204
ACC0096,ACC0058,46909,2026-05-17 10:29:43.335204
ACC0118,ACC0155,144,2026-05-07 12:54:43.335204
ACC0111,ACC0017,4666,2026-04-17 00:12:43.335204
ACC0096,ACC0182,46789,2026-04-03 08:03:43.335204
ACC0147,ACC0103,2681,2026-05-31 01:41:43.335204
ACC0056,ACC0076,4119,2026-03-26 03:54:43.335204
ACC0092,ACC0027,1031,2026-04-29 16:16:43.335204
ACC0088,ACC0082,3506,2026-04-17 03:44:43.335204
ACC0157,ACC0044,247,2026-04-03 18:01:43.335204
ACC0021,ACC0097,487,2026-05-29 09:11:43.335204
ACC0106,ACC0154,1973,2026-05-11 23:48:43.335204
ACC0173,ACC0064,1015,2026-04-20 10:10:43.335204
ACC0007,ACC0183,3848,2026-03-24 02:11:43.335204
ACC0148,ACC0094,2077,2026-04-19 14:52:43.335204
ACC0093,ACC0040,3471,2026-03-25 20:39:43.335204
ACC0078,ACC0191,36308,2026-05-04 01:52:43.335204
ACC0128,ACC0085,4813,2026-04-29 03:06:43.335204
ACC0088,ACC0112,2282,2026-05-28 07:17:43.335204
ACC0056,ACC0121,1270,2026-04-07 09:26:43.335204
ACC0038,ACC0182,2588,2026-05-24 13:24:43.335204
ACC0154,ACC0070,2562,2026-04-29 07:34:43.335204
ACC0157,ACC0066,1730,2026-05-31 08:25:43.335204
ACC0078,ACC0066,27337,2026-05-17 04:46:43.335204
ACC0116,ACC0043,2007,2026-05-30 17:51:43.335204
ACC0187,ACC0008,229,2026-03-30 00:01:43.335204
ACC0009,ACC0090,243,2026-03-30 11:23:43.335204
ACC0083,ACC0023,344,2026-05-29 08:14:43.335204
ACC0101,ACC0074,2276,2026-05-08 04:18:43.335204
ACC0087,ACC0011,440,2026-05-13 01:25:43.335204
ACC0052,ACC0075,3498,2026-04-30 08:42:43.335204
ACC0085,ACC0179,405,2026-04-21 02:21:43.335204
ACC0042,ACC0074,2754,2026-05-23 05:28:43.335204
ACC0022,ACC0153,4142,2026-04-03 17:01:43.335204
ACC0144,ACC0152,420,2026-03-27 03:41:43.335204
ACC0145,ACC0129,1231,2026-05-24 01:42:43.335204
ACC0102,ACC0181,4142,2026-05-02 12:55:43.335204
ACC0175,ACC0183,111,2026-04-27 06:46:43.335204
ACC0110,ACC0182,2637,2026-04-02 16:30:43.335204
ACC0035,ACC0028,2329,2026-05-29 11:03:43.335204
ACC0133,ACC0085,4851,2026-05-21 16:23:43.335204
ACC0117,ACC0089,2177,2026-04-06 09:09:43.335204
ACC0113,ACC0171,3967,2026-04-18 02:33:43.335204
ACC0058,ACC0140,9873,2026-05-25 13:17:43.335204
ACC0107,ACC0055,38065,2026-05-08 02:09:43.335204
ACC0044,ACC0000,1484,2026-04-20 18:11:43.335204
ACC0022,ACC0063,653,2026-04-25 18:50:43.335204
ACC0114,ACC0145,4616,2026-05-19 06:59:43.335204
ACC0028,ACC0112,1360,2026-05-03 10:43:43.335204
ACC0195,ACC0045,284,2026-04-01 11:49:43.335204
ACC0115,ACC0095,34978,2026-03-31 17:20:43.335204
ACC0159,ACC0154,4531,2026-05-01 13:43:43.335204
ACC0125,ACC0079,3772,2026-05-27 16:49:43.335204
ACC0036,ACC0049,4783,2026-04-26 02:39:43.335204
ACC0139,ACC0183,4396,2026-03-29 14:39:43.335204
ACC0099,ACC0125,1987,2026-04-13 09:27:43.335204
ACC0122,ACC0027,4983,2026-04-11 00:50:43.335204
ACC0050,ACC0192,4255,2026-04-01 09:59:43.335204
ACC0069,ACC0073,4516,2026-04-04 22:21:43.335204
ACC0111,ACC0114,3579,2026-04-17 11:15:43.335204
ACC0195,ACC0048,1509,2026-05-13 07:22:43.335204
ACC0176,ACC0174,4764,2026-05-27 22:35:43.335204
ACC0151,ACC0089,12452,2026-05-02 17:46:43.335204
ACC0020,ACC0159,2760,2026-05-09 09:33:43.335204
ACC0152,ACC0150,2272,2026-05-19 23:29:43.335204
ACC0097,ACC0084,3064,2026-05-18 07:39:43.335204
ACC0053,ACC0061,2993,2026-05-10 07:48:43.335204
ACC0084,ACC0030,1851,2026-04-13 06:35:43.335204
ACC0083,ACC0062,4869,2026-05-27 21:45:43.335204
ACC0149,ACC0171,2461,2026-05-17 02:21:43.335204
ACC0034,ACC0068,34845,2026-05-27 06:57:43.335204
ACC0080,ACC0016,4231,2026-04-06 12:05:43.335204
ACC0095,ACC0068,2786,2026-04-08 08:09:43.335204
ACC0112,ACC0023,4635,2026-04-14 02:40:43.335204
ACC0041,ACC0169,1219,2026-05-12 09:48:43.335204
ACC0087,ACC0072,4359,2026-04-18 18:45:43.335204
ACC0100,ACC0165,294,2026-05-19 17:06:43.335204
ACC0182,ACC0161,13044,2026-04-24 11:42:43.335204
ACC0162,ACC0118,1523,2026-05-28 00:52:43.335204
ACC0126,ACC0110,2808,2026-04-19 12:33:43.335204
ACC0045,ACC0083,3914,2026-05-07 09:30:43.335204
ACC0040,ACC0144,3889,2026-04-07 00:19:43.335204
ACC0034,ACC0064,48403,2026-04-21 02:17:43.335204
ACC0062,ACC0124,3313,2026-04-03 00:28:43.335204
ACC0018,ACC0119,3729,2026-04-05 00:10:43.335204
ACC0001,ACC0063,3572,2026-05-14 00:16:43.335204
ACC0072,ACC0029,4751,2026-05-08 08:55:43.335204
ACC0072,ACC0016,2256,2026-05-06 02:38:43.335204
ACC0080,ACC0089,471,2026-05-15 07:30:43.335204
ACC0129,ACC0199,715,2026-04-22 14:49:43.335204
ACC0120,ACC0170,2353,2026-05-30 22:48:43.335204
ACC0096,ACC0051,39036,2026-05-03 14:50:43.335204
ACC0120,ACC0053,884,2026-05-16 23:57:43.335204
ACC0189,ACC0031,4278,2026-04-04 17:07:43.335204
ACC0056,ACC0142,2337,2026-04-13 05:22:43.335204
ACC0013,ACC0173,4995,2026-04-15 09:21:43.335204
ACC0030,ACC0083,4080,2026-03-31 05:18:43.335204
ACC0025,ACC0065,2438,2026-04-17 17:24:43.335204
ACC0009,ACC0045,425,2026-05-24 19:06:43.335204
ACC0184,ACC0078,3580,2026-05-03 09:30:43.335204
ACC0136,ACC0076,3961,2026-05-07 09:59:43.335204
ACC0078,ACC0054,19252,2026-05-16 17:56:43.335204
ACC0038,ACC0191,4703,2026-04-02 17:34:43.335204
ACC0014,ACC0145,1370,2026-05-14 00:56:43.335204
ACC0132,ACC0007,4803,2026-04-10 15:42:43.335204
ACC0069,ACC0137,4178,2026-04-07 02:43:43.335204
ACC0115,ACC0178,9042,2026-04-27 11:40:43.335204
ACC0022,ACC0115,2675,2026-03-27 11:17:43.335204
ACC0165,ACC0071,1681,2026-05-07 09:58:43.335204
ACC0056,ACC0031,2340,2026-04-01 21:46:43.335204
ACC0003,ACC0183,31681,2026-03-30 09:08:43.335204
ACC0108,ACC0119,228,2026-03-26 15:19:43.335204
ACC0098,ACC0050,4096,2026-05-26 08:19:43.335204
ACC0037,ACC0192,4203,2026-04-23 18:49:43.335204
ACC0091,ACC0193,3094,2026-04-13 10:32:43.335204
ACC0030,ACC0006,2856,2026-05-27 15:58:43.335204
ACC0075,ACC0044,1744,2026-04-06 07:46:43.335204
ACC0106,ACC0132,342,2026-04-01 19:47:43.335204
ACC0049,ACC0029,270,2026-04-24 23:28:43.335204
ACC0198,ACC0003,1599,2026-05-01 15:33:43.335204
ACC0129,ACC0032,2258,2026-05-01 17:40:43.335204
ACC0179,ACC0009,4025,2026-04-08 18:46:43.335204
ACC0120,ACC0192,4139,2026-05-30 03:17:43.335204
ACC0065,ACC0035,3371,2026-05-03 06:07:43.335204
ACC0053,ACC0123,957,2026-04-24 18:17:43.335204
ACC0167,ACC0045,1149,2026-04-30 08:02:43.335204
ACC0047,ACC0194,398,2026-04-22 09:16:43.335204
ACC0102,ACC0007,1023,2026-05-22 07:01:43.335204
ACC0170,ACC0177,4406,2026-04-02 17:13:43.335204
ACC0070,ACC0197,4975,2026-04-23 17:14:43.335204
ACC0053,ACC0004,4162,2026-04-22 20:18:43.335204
ACC0137,ACC0176,4145,2026-04-08 11:11:43.335204
ACC0188,ACC0020,4606,2026-04-05 00:14:43.335204
ACC0167,ACC0108,2953,2026-04-02 19:35:43.335204
ACC0125,ACC0151,4622,2026-05-02 02:01:43.335204
ACC0002,ACC0019,3049,2026-03-23 15:07:43.335204
ACC0177,ACC0185,2007,2026-05-28 04:35:43.335204
ACC0060,ACC0142,1343,2026-04-12 02:00:43.335204
ACC0198,ACC0084,4523,2026-05-30 12:46:43.335204
ACC0115,ACC0150,35771,2026-04-03 07:06:43.335204
ACC0167,ACC0116,475,2026-03-24 02:26:43.335204
ACC0096,ACC0121,25746,2026-03-31 03:30:43.335204
ACC0052,ACC0168,3488,2026-04-19 08:53:43.335204
ACC0049,ACC0094,2044,2026-03-24 08:45:43.335204
ACC0114,ACC0104,1993,2026-05-10 07:39:43.335204
ACC0108,ACC0073,3734,2026-03-23 03:16:43.335204
ACC0010,ACC0062,4241,2026-05-08 09:05:43.335204
ACC0167,ACC0059,4915,2026-03-29 01:48:43.335204
ACC0127,ACC0128,700,2026-04-21 11:08:43.335204
ACC0060,ACC0104,4313,2026-05-06 06:27:43.335204
ACC0124,ACC0123,2263,2026-05-20 10:43:43.335204
ACC0032,ACC0064,4455,2026-05-25 02:22:43.335204
ACC0027,ACC0124,465,2026-04-06 08:31:43.335204
ACC0123,ACC0113,2670,2026-05-10 14:59:43.335204
ACC0132,ACC0171,2576,2026-04-02 04:23:43.335204
ACC0178,ACC0198,846,2026-03-25 10:50:43.335204
ACC0117,ACC0193,412,2026-05-28 07:59:43.335204
ACC0125,ACC0120,1020,2026-03-24 14:52:43.335204
ACC0032,ACC0110,2929,2026-05-06 06:46:43.336944
ACC0001,ACC0050,897,2026-05-17 02:05:43.336944
ACC0172,ACC0100,372,2026-04-19 15:18:43.336944
ACC0100,ACC0193,4915,2026-05-18 22:35:43.336944
ACC0167,ACC0118,2647,2026-05-06 14:20:43.336944
ACC0198,ACC0092,4880,2026-05-21 12:58:43.336944
ACC0136,ACC0087,4817,2026-05-21 14:25:43.336944
ACC0008,ACC0095,1046,2026-05-21 08:19:43.336944
ACC0111,ACC0059,2765,2026-03-26 00:42:43.336944
ACC0124,ACC0051,343,2026-05-14 03:11:43.336944
ACC0053,ACC0003,4617,2026-05-23 16:02:43.336944
ACC0087,ACC0181,3690,2026-03-24 19:15:43.336944
ACC0127,ACC0073,1972,2026-05-11 20:23:43.336944
ACC0136,ACC0043,1292,2026-05-11 09:51:43.336944
ACC0011,ACC0065,4845,2026-04-03 15:28:43.336944
ACC0114,ACC0164,490,2026-03-31 18:17:43.336944
ACC0103,ACC0031,4576,2026-05-23 12:23:43.336944
ACC0094,ACC0126,4937,2026-05-15 22:22:43.336944
ACC0027,ACC0103,772,2026-05-27 11:25:43.336944
ACC0029,ACC0112,1311,2026-05-25 05:11:43.336944
ACC0065,ACC0141,1639,2026-03-29 08:08:43.336944
ACC0161,ACC0176,743,2026-04-10 00:03:43.336944
ACC0060,ACC0135,829,2026-04-26 12:37:43.336944
ACC0013,ACC0069,2218,2026-04-17 03:07:43.336944
ACC0047,ACC0102,4652,2026-03-25 13:48:43.336944
ACC0192,ACC0011,4486,2026-03-24 15:13:43.336944
ACC0180,ACC0046,3936,2026-04-04 00:33:43.336944
ACC0054,ACC0042,4150,2026-05-25 08:05:43.336944
ACC0057,ACC0037,1969,2026-04-18 14:56:43.336944
ACC0188,ACC0018,607,2026-04-15 01:00:43.336944
ACC0186,ACC0077,2675,2026-05-23 11:34:43.336944
ACC0122,ACC0055,658,2026-05-20 08:30:43.336944
ACC0039,ACC0014,3202,2026-05-10 00:53:43.336944
ACC0089,ACC0139,4616,2026-04-06 10:16:43.336944
ACC0171,ACC0009,3722,2026-05-28 01:15:43.336944
ACC0183,ACC0071,33633,2026-05-14 12:57:43.336944
ACC0197,ACC0000,20848,2026-05-06 05:09:43.336944
ACC0155,ACC0118,1401,2026-05-26 10:22:43.336944
ACC0140,ACC0168,2255,2026-04-11 14:05:43.336944
ACC0129,ACC0064,792,2026-05-11 11:06:43.336944
ACC0198,ACC0036,1578,2026-04-10 04:08:43.336944
ACC0190,ACC0094,2530,2026-04-27 02:39:43.336944
ACC0166,ACC0093,1981,2026-05-27 22:23:43.336944
ACC0082,ACC0188,3920,2026-05-27 00:19:43.336944
ACC0101,ACC0030,4777,2026-05-26 13:01:43.336944
ACC0027,ACC0030,1835,2026-04-07 18:09:43.336944
ACC0004,ACC0031,2745,2026-05-14 11:18:43.336944
ACC0042,ACC0056,1224,2026-04-07 13:59:43.336944
ACC0086,ACC0155,2754,2026-05-26 00:59:43.336944
ACC0114,ACC0041,2180,2026-05-27 07:43:43.336944
ACC0117,ACC0031,1647,2026-05-26 03:15:43.336944
ACC0187,ACC0067,961,2026-05-25 18:06:43.336944
ACC0147,ACC0180,3594,2026-05-08 04:00:43.336944
ACC0068,ACC0109,1369,2026-04-27 03:16:43.336944
ACC0185,ACC0081,943,2026-05-13 09:32:43.336944
ACC0085,ACC0045,1284,2026-05-07 14:19:43.336944
ACC0045,ACC0131,3288,2026-05-14 07:06:43.336944
ACC0093,ACC0003,4965,2026-05-16 03:17:43.336944
ACC0118,ACC0009,4056,2026-05-20 01:17:43.336944
ACC0160,ACC0162,29849,2026-05-18 13:42:43.336944
ACC0049,ACC0131,1258,2026-04-27 15:03:43.336944
ACC0051,ACC0093,31347,2026-03-23 23:47:43.336944
ACC0099,ACC0040,1309,2026-04-27 11:36:43.336944
ACC0169,ACC0042,37698,2026-04-04 22:50:43.336944
ACC0172,ACC0165,4775,2026-05-02 11:42:43.336944
ACC0109,ACC0171,4917,2026-05-12 05:09:43.336944
ACC0027,ACC0056,1573,2026-05-17 22:05:43.336944
ACC0009,ACC0184,4578,2026-04-03 03:31:43.336944
ACC0111,ACC0172,1549,2026-04-25 06:24:43.336944
ACC0105,ACC0007,3356,2026-04-30 21:56:43.336944
ACC0112,ACC0170,1690,2026-03-31 12:10:43.336944
ACC0006,ACC0050,33557,2026-04-12 00:18:43.336944
ACC0130,ACC0015,1535,2026-04-07 09:10:43.336944
ACC0022,ACC0111,1754,2026-05-22 17:12:43.336944
ACC0008,ACC0192,364,2026-04-11 11:37:43.336944
ACC0073,ACC0005,2874,2026-03-25 13:40:43.336944
ACC0014,ACC0042,3224,2026-04-07 21:50:43.336944
ACC0154,ACC0097,1453,2026-04-07 15:46:43.336944
ACC0191,ACC0044,989,2026-05-30 21:48:43.336944
ACC0020,ACC0181,2270,2026-05-13 03:54:43.336944
ACC0124,ACC0102,4973,2026-03-29 22:52:43.336944
ACC0140,ACC0129,134,2026-05-23 08:51:43.336944
ACC0020,ACC0034,2770,2026-05-06 10:59:43.336944
ACC0056,ACC0114,688,2026-03-24 18:04:43.336944
ACC0171,ACC0170,3318,2026-04-02 11:34:43.336944
ACC0174,ACC0026,1003,2026-03-31 00:49:43.336944
ACC0120,ACC0195,4186,2026-05-01 14:23:43.336944
ACC0044,ACC0087,439,2026-05-05 19:54:43.336944
ACC0003,ACC0033,27403,2026-05-01 21:58:43.336944
ACC0043,ACC0041,4792,2026-03-26 19:34:43.336944
ACC0085,ACC0154,656,2026-05-10 20:01:43.336944
ACC0104,ACC0054,16279,2026-05-05 00:12:43.336944
ACC0104,ACC0095,11477,2026-04-22 05:00:43.336944
ACC0190,ACC0006,1116,2026-05-27 01:22:43.336944
ACC0048,ACC0100,2162,2026-05-02 12:34:43.336944
ACC0122,ACC0088,1737,2026-04-24 09:59:43.336944
ACC0041,ACC0168,3596,2026-04-30 16:33:43.336944
ACC0173,ACC0083,1551,2026-03-25 16:56:43.336944
ACC0140,ACC0028,2413,2026-04-09 07:10:43.336944
ACC0153,ACC0035,1331,2026-05-24 17:15:43.336944
ACC0018,ACC0092,3099,2026-05-05 23:28:43.336944
ACC0137,ACC0009,405,2026-03-24 18:08:43.336944
ACC0059,ACC0158,3636,2026-05-13 06:53:43.336944
ACC0018,ACC0016,1789,2026-04-20 16:11:43.336944
ACC0076,ACC0186,4017,2026-04-14 00:00:43.336944
ACC0150,ACC0027,3962,2026-05-21 11:26:43.336944
ACC0115,ACC0112,33805,2026-04-06 02:18:43.336944
ACC0150,ACC0069,1550,2026-05-12 08:00:43.336944
ACC0174,ACC0087,3361,2026-04-16 08:46:43.336944
ACC0183,ACC0159,32281,2026-05-12 01:01:43.336944
ACC0149,ACC0080,1442,2026-05-18 15:02:43.336944
ACC0055,ACC0066,1179,2026-03-26 07:26:43.336944
ACC0092,ACC0119,4306,2026-04-23 01:20:43.336944
ACC0138,ACC0001,4663,2026-04-19 23:20:43.336944
ACC0192,ACC0135,913,2026-04-18 00:00:43.336944
ACC0131,ACC0141,2131,2026-04-06 02:49:43.336944
ACC0135,ACC0187,3603,2026-05-09 04:02:43.336944
ACC0162,ACC0010,2753,2026-03-28 06:04:43.336944
ACC0134,ACC0032,3440,2026-05-03 07:48:43.336944
ACC0099,ACC0101,4343,2026-04-15 05:55:43.336944
ACC0182,ACC0043,30425,2026-04-02 15:35:43.336944
ACC0191,ACC0049,1189,2026-04-01 20:31:43.336944
ACC0052,ACC0067,2138,2026-03-24 17:43:43.336944
ACC0073,ACC0107,4370,2026-05-01 19:38:43.336944
ACC0150,ACC0191,4783,2026-04-27 01:46:43.336944
ACC0166,ACC0021,3282,2026-04-13 09:50:43.336944
ACC0199,ACC0020,4230,2026-05-25 04:02:43.336944
ACC0077,ACC0189,4569,2026-04-05 16:44:43.336944
ACC0170,ACC0020,1551,2026-05-24 15:29:43.336944
ACC0064,ACC0001,2380,2026-04-29 18:32:43.336944
ACC0186,ACC0036,4758,2026-05-01 01:38:43.336944
ACC0048,ACC0012,3834,2026-04-22 03:13:43.336944
ACC0170,ACC0140,3446,2026-04-23 02:21:43.336944
ACC0129,ACC0080,4634,2026-05-11 20:13:43.336944
ACC0062,ACC0165,2079,2026-03-29 11:42:43.336944
ACC0155,ACC0100,1412,2026-05-29 11:50:43.336944
ACC0007,ACC0094,3038,2026-04-29 18:45:43.336944
ACC0133,ACC0037,2400,2026-04-25 04:43:43.336944
ACC0195,ACC0001,226,2026-04-12 03:34:43.336944
ACC0127,ACC0016,1291,2026-05-18 08:09:43.336944
ACC0019,ACC0108,4489,2026-04-04 22:19:43.336944
ACC0037,ACC0099,1466,2026-05-02 09:33:43.336944
ACC0115,ACC0171,27837,2026-05-21 03:15:43.336944
ACC0011,ACC0156,4179,2026-05-17 00:29:43.336944
ACC0166,ACC0163,784,2026-04-19 04:59:43.336944
ACC0165,ACC0056,2987,2026-04-17 07:09:43.336944
ACC0083,ACC0120,1562,2026-04-25 20:19:43.336944
ACC0051,ACC0062,41948,2026-05-29 13:51:43.336944
ACC0014,ACC0133,1867,2026-05-11 13:56:43.336944
ACC0145,ACC0061,3660,2026-05-24 09:28:43.336944
ACC0057,ACC0094,4858,2026-05-19 17:42:43.336944
ACC0168,ACC0078,4259,2026-04-19 08:34:43.336944
ACC0076,ACC0072,1475,2026-03-23 11:07:43.336944
ACC0031,ACC0105,27092,2026-05-31 05:02:43.336944
ACC0049,ACC0150,3829,2026-05-27 09:38:43.336944
ACC0159,ACC0168,3634,2026-04-02 08:56:43.336944
ACC0057,ACC0084,2040,2026-03-25 06:42:43.336944
ACC0125,ACC0192,1982,2026-05-16 18:20:43.336944
ACC0164,ACC0079,3087,2026-05-29 08:33:43.336944
ACC0078,ACC0199,37626,2026-04-17 23:06:43.336944
ACC0026,ACC0055,4875,2026-05-19 16:47:43.336944
ACC0146,ACC0166,1173,2026-04-29 06:01:43.336944
ACC0072,ACC0117,2487,2026-05-11 04:32:43.336944
ACC0143,ACC0145,4440,2026-05-07 07:08:43.336944
ACC0192,ACC0186,2680,2026-05-03 18:07:43.336944
ACC0051,ACC0100,33967,2026-05-30 01:13:43.336944
ACC0091,ACC0175,3348,2026-05-21 08:34:43.336944
ACC0169,ACC0080,17021,2026-05-26 20:20:43.336944
ACC0105,ACC0188,1727,2026-04-10 07:57:43.336944
ACC0102,ACC0146,2085,2026-05-10 13:20:43.336944
ACC0152,ACC0007,4253,2026-04-10 03:28:43.336944
ACC0197,ACC0181,39949,2026-04-25 19:44:43.336944
ACC0015,ACC0183,2697,2026-05-30 22:11:43.336944
ACC0072,ACC0094,1198,2026-04-03 11:55:43.336944
ACC0011,ACC0107,2981,2026-05-10 19:29:43.336944
ACC0096,ACC0062,10622,2026-05-30 14:14:43.336944
ACC0077,ACC0045,1348,2026-03-27 09:05:43.336944
ACC0040,ACC0076,4341,2026-04-20 09:41:43.336944
ACC0136,ACC0052,1158,2026-05-15 22:13:43.336944
ACC0100,ACC0111,4348,2026-04-25 16:44:43.336944
ACC0146,ACC0079,4116,2026-05-28 08:29:43.336944
ACC0077,ACC0042,3297,2026-04-02 04:39:43.336944
ACC0035,ACC0064,4540,2026-05-10 07:05:43.336944
ACC0061,ACC0134,1861,2026-04-15 21:16:43.336944
ACC0133,ACC0154,4918,2026-04-22 10:08:43.336944
ACC0031,ACC0110,12349,2026-04-12 03:18:43.336944
ACC0016,ACC0035,2988,2026-05-01 22:48:43.336944
ACC0129,ACC0173,4086,2026-05-05 14:48:43.336944
ACC0105,ACC0165,3077,2026-04-03 08:41:43.336944
ACC0136,ACC0011,1562,2026-04-04 23:51:43.336944
ACC0198,ACC0043,444,2026-04-04 18:04:43.336944
ACC0020,ACC0140,144,2026-05-03 08:51:43.336944
ACC0191,ACC0145,2168,2026-04-12 01:03:43.336944
ACC0163,ACC0133,1614,2026-04-02 20:34:43.336944
ACC0086,ACC0126,1101,2026-04-28 11:07:43.336944
ACC0100,ACC0179,2140,2026-05-15 09:09:43.336944
ACC0199,ACC0122,373,2026-04-01 03:41:43.336944
ACC0166,ACC0062,2747,2026-04-20 11:49:43.336944
ACC0152,ACC0147,4576,2026-05-10 16:48:43.336944
ACC0018,ACC0174,578,2026-05-10 04:58:43.336944
ACC0124,ACC0034,615,2026-04-15 05:05:43.336944
ACC0048,ACC0158,2768,2026-04-29 10:56:43.336944
ACC0188,ACC0125,1511,2026-05-12 04:56:43.336944
ACC0010,ACC0118,371,2026-04-10 06:02:43.336944
ACC0157,ACC0020,3432,2026-04-15 11:49:43.336944
ACC0165,ACC0074,1781,2026-04-04 05:30:43.336944
ACC0199,ACC0088,3941,2026-05-06 05:48:43.336944
ACC0033,ACC0015,2672,2026-05-28 01:19:43.336944
ACC0042,ACC0193,3360,2026-04-01 00:58:43.336944
ACC0089,ACC0091,4812,2026-03-26 09:53:43.336944
ACC0106,ACC0180,166,2026-04-30 03:06:43.336944
ACC0132,ACC0088,4716,2026-04-20 02:54:43.336944
ACC0098,ACC0106,2632,2026-05-23 09:00:43.336944
ACC0187,ACC0159,1287,2026-05-22 13:32:43.336944
ACC0020,ACC0043,3439,2026-05-19 19:00:43.336944
ACC0198,ACC0197,4187,2026-05-14 10:24:43.336944
ACC0021,ACC0154,298,2026-05-12 06:15:43.336944
ACC0142,ACC0165,37567,2026-05-19 14:58:43.336944
ACC0108,ACC0133,1738,2026-04-20 10:33:43.336944
ACC0082,ACC0084,1274,2026-04-19 03:08:43.336944
ACC0030,ACC0075,3377,2026-04-16 01:35:43.336944
ACC0197,ACC0038,5178,2026-04-01 19:46:43.336944
ACC0184,ACC0035,834,2026-05-15 20:16:43.336944
ACC0008,ACC0168,898,2026-05-26 06:31:43.336944
ACC0124,ACC0178,887,2026-05-29 14:37:43.336944
ACC0190,ACC0080,4404,2026-04-10 23:19:43.336944
ACC0099,ACC0117,3184,2026-03-25 23:27:43.336944
ACC0094,ACC0052,3018,2026-05-31 01:01:43.336944
ACC0168,ACC0095,1229,2026-05-12 02:10:43.336944
ACC0131,ACC0197,1705,2026-04-07 17:26:43.336944
ACC0118,ACC0066,2845,2026-04-30 21:42:43.336944
ACC0059,ACC0074,4789,2026-05-09 02:22:43.336944
ACC0187,ACC0185,3033,2026-05-21 00:05:43.336944
ACC0097,ACC0091,1315,2026-03-29 17:56:43.336944
ACC0091,ACC0160,1950,2026-05-03 20:45:43.336944
ACC0171,ACC0084,1590,2026-05-30 22:19:43.336944
ACC0078,ACC0189,39158,2026-05-17 19:39:43.336944
ACC0168,ACC0032,4339,2026-05-17 01:29:43.336944
ACC0198,ACC0187,2363,2026-04-13 15:44:43.336944
ACC0185,ACC0052,2471,2026-04-19 14:02:43.336944
ACC0070,ACC0169,4412,2026-05-30 11:57:43.336944
ACC0022,ACC0197,3017,2026-05-09 21:26:43.336944
ACC0140,ACC0149,2452,2026-03-24 07:28:43.336944
ACC0062,ACC0152,1267,2026-04-01 02:43:43.336944
ACC0154,ACC0177,4427,2026-04-23 09:10:43.336944
ACC0102,ACC0061,3755,2026-05-06 03:51:43.336944
ACC0126,ACC0166,1855,2026-03-24 14:01:43.336944
ACC0156,ACC0135,1677,2026-05-11 20:42:43.336944
ACC0172,ACC0124,2320,2026-05-08 01:54:43.336944
ACC0015,ACC0051,2693,2026-04-11 09:25:43.336944
ACC0019,ACC0039,4092,2026-04-18 12:35:43.336944
ACC0037,ACC0041,1013,2026-04-11 14:58:43.336944
ACC0092,ACC0033,2281,2026-04-17 06:20:43.336944
ACC0116,ACC0037,3297,2026-04-23 05:20:43.336944
ACC0172,ACC0198,1562,2026-04-16 23:39:43.336944
ACC0111,ACC0012,2478,2026-04-27 18:07:43.336944
ACC0135,ACC0141,3554,2026-04-05 07:02:43.336944
ACC0032,ACC0138,3653,2026-05-22 06:06:43.336944
ACC0153,ACC0049,1289,2026-04-23 17:32:43.336944
ACC0020,ACC0012,787,2026-05-16 22:27:43.336944
ACC0104,ACC0181,30783,2026-05-28 03:10:43.336944
ACC0007,ACC0186,1911,2026-04-25 04:57:43.336944
ACC0184,ACC0118,3897,2026-04-12 10:38:43.336944
ACC0048,ACC0119,1744,2026-05-29 15:56:43.336944
ACC0128,ACC0121,290,2026-04-03 17:37:43.336944
ACC0107,ACC0110,13181,2026-04-30 22:46:43.336944
ACC0088,ACC0174,478,2026-04-18 14:46:43.336944
ACC0027,ACC0062,3929,2026-04-11 14:36:43.336944
ACC0039,ACC0043,715,2026-04-26 04:46:43.336944
ACC0170,ACC0076,563,2026-05-09 08:19:43.336944
ACC0173,ACC0008,1066,2026-05-17 05:01:43.336944
ACC0077,ACC0048,3258,2026-05-17 15:44:43.336944
ACC0127,ACC0168,789,2026-04-12 03:33:43.336944
ACC0160,ACC0086,39980,2026-05-15 22:08:43.336944
ACC0062,ACC0142,482,2026-03-27 07:50:43.336944
ACC0193,ACC0147,3603,2026-05-19 04:36:43.336944
ACC0130,ACC0083,1683,2026-05-21 10:33:43.338951
ACC0144,ACC0167,471,2026-05-25 10:30:43.338951
ACC0103,ACC0014,215,2026-05-03 15:07:43.338951
ACC0054,ACC0111,546,2026-05-07 19:53:43.338951
ACC0198,ACC0026,3424,2026-04-26 11:40:43.338951
ACC0177,ACC0012,4610,2026-05-10 09:12:43.338951
ACC0151,ACC0073,49659,2026-04-28 09:06:43.338951
ACC0042,ACC0180,1173,2026-04-12 06:02:43.338951
ACC0098,ACC0099,3250,2026-03-28 20:35:43.338951
ACC0160,ACC0012,20386,2026-05-05 13:27:43.338951
ACC0137,ACC0081,2394,2026-03-30 03:29:43.338951
ACC0016,ACC0125,3762,2026-04-24 07:18:43.338951
ACC0190,ACC0046,4897,2026-04-28 10:50:43.338951
ACC0027,ACC0025,1083,2026-03-31 18:25:43.338951
ACC0147,ACC0118,451,2026-04-09 03:40:43.338951
ACC0061,ACC0030,2051,2026-03-29 02:01:43.338951
ACC0088,ACC0121,2007,2026-05-11 02:48:43.338951
ACC0109,ACC0073,1124,2026-05-02 17:27:43.338951
ACC0170,ACC0008,4274,2026-04-18 00:13:43.338951
ACC0141,ACC0184,2481,2026-05-13 20:48:43.338951
ACC0150,ACC0074,1205,2026-03-28 04:51:43.338951
ACC0012,ACC0053,2090,2026-05-27 15:56:43.338951
ACC0023,ACC0020,21374,2026-05-28 22:17:43.338951
ACC0072,ACC0160,2912,2026-05-16 22:43:43.338951
ACC0053,ACC0163,2161,2026-04-24 07:13:43.338951
ACC0150,ACC0125,3739,2026-05-23 15:55:43.338951
ACC0178,ACC0114,4535,2026-04-25 13:56:43.338951
ACC0120,ACC0065,4952,2026-05-21 09:26:43.338951
ACC0051,ACC0108,33132,2026-05-26 00:41:43.338951
ACC0000,ACC0199,2781,2026-05-25 05:02:43.338951
ACC0012,ACC0024,541,2026-04-25 15:30:43.338951
ACC0199,ACC0032,4325,2026-05-09 09:57:43.338951
ACC0198,ACC0079,696,2026-05-27 08:18:43.338951
ACC0002,ACC0021,1605,2026-04-27 20:35:43.338951
ACC0097,ACC0176,2740,2026-05-10 22:42:43.338951
ACC0006,ACC0107,27852,2026-03-30 15:16:43.338951
ACC0150,ACC0007,3831,2026-04-14 23:05:43.338951
ACC0082,ACC0122,3336,2026-04-06 10:57:43.338951
ACC0169,ACC0036,31312,2026-04-15 00:47:43.338951
ACC0070,ACC0102,364,2026-03-30 01:50:43.338951
ACC0031,ACC0033,40427,2026-05-03 13:55:43.338951
ACC0027,ACC0154,2821,2026-04-30 03:40:43.338951
ACC0082,ACC0054,1545,2026-05-01 12:14:43.338951
ACC0111,ACC0096,3025,2026-05-24 17:28:43.338951
ACC0003,ACC0078,31950,2026-05-15 05:44:43.338951
ACC0093,ACC0189,612,2026-05-31 09:37:43.338951
ACC0178,ACC0127,3431,2026-04-08 20:12:43.338951
ACC0103,ACC0117,3253,2026-05-14 23:58:43.338951
ACC0040,ACC0091,1806,2026-05-01 15:26:43.338951
ACC0175,ACC0043,1667,2026-05-24 07:52:43.338951
ACC0005,ACC0021,2431,2026-05-24 08:47:43.338951
ACC0080,ACC0160,1228,2026-04-02 05:22:43.338951
ACC0152,ACC0001,4423,2026-05-11 22:43:43.338951
ACC0040,ACC0123,2465,2026-05-27 16:09:43.338951
ACC0126,ACC0068,4997,2026-04-11 20:55:43.338951
ACC0110,ACC0179,3021,2026-05-28 09:05:43.338951
ACC0152,ACC0015,1179,2026-04-07 21:53:43.338951
ACC0073,ACC0134,2841,2026-04-11 16:40:43.338951
ACC0123,ACC0188,328,2026-03-29 20:30:43.338951
ACC0129,ACC0026,394,2026-05-05 19:40:43.338951
ACC0034,ACC0122,28185,2026-05-08 03:46:43.338951
ACC0173,ACC0196,3353,2026-03-23 22:30:43.338951
ACC0064,ACC0085,2909,2026-05-02 12:47:43.338951
ACC0135,ACC0056,3879,2026-05-01 19:34:43.338951
ACC0151,ACC0009,39886,2026-04-11 14:25:43.338951
ACC0090,ACC0138,245,2026-04-06 08:47:43.338951
ACC0191,ACC0192,4665,2026-05-20 00:56:43.338951
ACC0017,ACC0190,44405,2026-03-27 06:32:43.338951
ACC0194,ACC0088,13243,2026-05-09 14:31:43.338951
ACC0187,ACC0135,2510,2026-04-14 18:36:43.338951
ACC0109,ACC0030,3064,2026-04-17 20:58:43.338951
ACC0048,ACC0198,1967,2026-05-26 08:47:43.338951
ACC0174,ACC0015,2838,2026-04-02 10:33:43.338951
ACC0145,ACC0114,2679,2026-05-04 13:21:43.338951
ACC0068,ACC0048,4105,2026-05-11 01:21:43.338951
ACC0074,ACC0057,340,2026-04-12 19:45:43.338951
ACC0018,ACC0182,1507,2026-04-30 16:10:43.338951
ACC0030,ACC0104,4138,2026-03-29 21:58:43.338951
ACC0140,ACC0015,3868,2026-05-02 10:42:43.338951
ACC0025,ACC0193,710,2026-03-26 17:31:43.338951
ACC0046,ACC0189,3705,2026-04-07 04:30:43.338951
ACC0012,ACC0171,3383,2026-05-18 15:55:43.338951
ACC0081,ACC0191,3584,2026-04-20 16:06:43.338951
ACC0199,ACC0046,2701,2026-04-02 19:35:43.338951
ACC0166,ACC0020,2259,2026-05-12 18:47:43.338951
ACC0188,ACC0008,3930,2026-05-03 00:31:43.338951
ACC0176,ACC0171,4468,2026-03-23 08:51:43.338951
ACC0094,ACC0015,4593,2026-05-12 17:38:43.338951
ACC0056,ACC0136,1330,2026-04-03 20:59:43.338951
ACC0167,ACC0127,1401,2026-05-11 16:22:43.338951
ACC0047,ACC0077,2010,2026-05-14 13:26:43.338951
ACC0144,ACC0115,1605,2026-05-14 15:18:43.338951
ACC0117,ACC0010,3285,2026-05-18 20:12:43.338951
ACC0077,ACC0002,3648,2026-05-06 21:07:43.338951
ACC0108,ACC0162,2056,2026-05-27 01:28:43.338951
ACC0035,ACC0153,278,2026-04-22 23:58:43.338951
ACC0001,ACC0012,1651,2026-04-10 00:13:43.338951
ACC0094,ACC0142,160,2026-05-25 02:43:43.338951
ACC0023,ACC0029,28065,2026-05-29 12:57:43.338951
ACC0152,ACC0129,4260,2026-04-27 00:15:43.338951
ACC0136,ACC0041,4060,2026-05-23 05:50:43.338951
ACC0001,ACC0013,634,2026-04-02 06:10:43.338951
ACC0044,ACC0073,4111,2026-05-17 19:30:43.338951
ACC0129,ACC0134,2255,2026-05-03 23:07:43.338951
ACC0066,ACC0137,1104,2026-05-01 08:53:43.338951
ACC0117,ACC0130,426,2026-05-08 19:03:43.338951
ACC0168,ACC0165,1133,2026-05-14 09:32:43.338951
ACC0105,ACC0189,1204,2026-04-05 17:56:43.338951
ACC0100,ACC0010,2799,2026-05-27 21:23:43.338951
ACC0030,ACC0035,3020,2026-05-25 18:32:43.338951
ACC0183,ACC0079,15740,2026-05-06 14:55:43.338951
ACC0011,ACC0130,1321,2026-05-10 01:42:43.338951
ACC0104,ACC0185,22285,2026-05-21 13:32:43.338951
ACC0127,ACC0028,3268,2026-04-12 06:58:43.338951
ACC0008,ACC0104,4586,2026-04-03 22:05:43.338951
ACC0025,ACC0145,126,2026-05-26 17:35:43.338951
ACC0194,ACC0145,44886,2026-04-27 00:53:43.338951
ACC0051,ACC0151,15860,2026-03-29 13:54:43.338951
ACC0181,ACC0197,803,2026-05-05 02:06:43.338951
ACC0105,ACC0102,4380,2026-04-06 04:15:43.338951
ACC0127,ACC0018,4794,2026-05-25 07:15:43.338951
ACC0048,ACC0148,3891,2026-05-03 04:12:43.338951
ACC0045,ACC0152,3325,2026-04-20 06:02:43.338951
ACC0056,ACC0014,2560,2026-04-17 08:16:43.338951
ACC0182,ACC0120,28110,2026-04-08 13:42:43.338951
ACC0117,ACC0135,2179,2026-05-01 06:31:43.338951
ACC0114,ACC0106,3214,2026-05-13 03:30:43.338951
ACC0029,ACC0185,716,2026-04-28 03:04:43.338951
ACC0067,ACC0070,3744,2026-04-22 23:07:43.338951
ACC0151,ACC0114,22587,2026-05-07 00:19:43.338951
ACC0198,ACC0120,3274,2026-05-06 23:14:43.338951
ACC0046,ACC0047,3261,2026-05-28 13:11:43.338951
ACC0108,ACC0132,769,2026-03-25 21:41:43.338951
ACC0148,ACC0045,3268,2026-05-24 09:19:43.338951
ACC0168,ACC0145,4178,2026-05-27 12:31:43.338951
ACC0195,ACC0089,4251,2026-05-18 08:48:43.338951
ACC0113,ACC0189,3698,2026-05-22 14:51:43.338951
ACC0111,ACC0069,766,2026-04-04 11:09:43.338951
ACC0170,ACC0130,4003,2026-04-13 13:31:43.338951
ACC0123,ACC0085,2334,2026-05-16 23:35:43.338951
ACC0178,ACC0180,1565,2026-04-21 15:19:43.338951
ACC0058,ACC0170,26118,2026-03-31 07:35:43.338951
ACC0073,ACC0187,2160,2026-05-20 16:42:43.338951
ACC0162,ACC0070,3772,2026-05-26 10:10:43.338951
ACC0020,ACC0011,2594,2026-04-29 13:51:43.338951
ACC0182,ACC0133,5992,2026-04-11 06:38:43.338951
ACC0161,ACC0177,2221,2026-05-12 16:32:43.338951
ACC0065,ACC0142,4296,2026-04-25 20:57:43.338951
ACC0141,ACC0078,4622,2026-05-17 23:00:43.338951
ACC0040,ACC0070,3337,2026-05-28 16:16:43.338951
ACC0012,ACC0181,4624,2026-04-04 10:09:43.338951
ACC0117,ACC0051,4561,2026-05-20 19:13:43.338951
ACC0079,ACC0039,4804,2026-05-09 18:16:43.338951
ACC0069,ACC0172,4923,2026-04-12 14:56:43.338951
ACC0058,ACC0011,24585,2026-05-19 13:20:43.338951
ACC0100,ACC0155,2143,2026-04-09 10:03:43.338951
ACC0162,ACC0089,3820,2026-05-18 04:05:43.338951
ACC0193,ACC0031,4312,2026-05-15 08:07:43.338951
ACC0129,ACC0081,2515,2026-03-29 04:43:43.338951
ACC0024,ACC0010,4363,2026-05-18 02:07:43.338951
ACC0184,ACC0168,1838,2026-04-15 02:12:43.338951
ACC0187,ACC0114,2808,2026-04-16 02:47:43.338951
ACC0098,ACC0039,4890,2026-04-04 00:28:43.338951
ACC0030,ACC0086,251,2026-03-29 13:35:43.338951
ACC0009,ACC0120,1012,2026-04-06 09:51:43.338951
ACC0087,ACC0184,595,2026-04-30 11:17:43.338951
ACC0054,ACC0004,2248,2026-05-08 09:48:43.338951
ACC0070,ACC0040,1652,2026-04-25 22:40:43.338951
ACC0019,ACC0111,3185,2026-05-08 16:28:43.338951
ACC0030,ACC0148,834,2026-03-25 14:45:43.338951
ACC0168,ACC0028,4754,2026-05-15 19:58:43.338951
ACC0172,ACC0080,3376,2026-04-22 09:14:43.338951
ACC0126,ACC0027,254,2026-05-03 06:34:43.338951
ACC0184,ACC0123,1096,2026-05-12 21:22:43.338951
ACC0073,ACC0193,4726,2026-04-25 09:35:43.338951
ACC0050,ACC0185,4924,2026-05-02 06:55:43.340690
ACC0166,ACC0073,253,2026-05-26 02:19:43.340690
ACC0024,ACC0156,4287,2026-05-20 14:00:43.340690
ACC0180,ACC0067,1816,2026-04-17 11:36:43.340690
ACC0013,ACC0104,2957,2026-05-31 00:06:43.340690
ACC0172,ACC0075,4468,2026-05-10 05:33:43.340690
ACC0177,ACC0165,4372,2026-03-27 23:22:43.340690
ACC0137,ACC0192,742,2026-05-04 15:10:43.340690
ACC0053,ACC0119,4762,2026-03-29 12:15:43.340690
ACC0163,ACC0056,3526,2026-04-02 00:49:43.340690
ACC0088,ACC0079,3801,2026-04-29 00:18:43.340690
ACC0064,ACC0197,1169,2026-04-03 00:43:43.340690
ACC0104,ACC0053,44779,2026-04-22 12:25:43.340690
ACC0042,ACC0173,4603,2026-05-07 22:52:43.340690
ACC0023,ACC0027,19141,2026-05-25 01:28:43.340690
ACC0042,ACC0030,2611,2026-04-15 22:33:43.340690
ACC0063,ACC0199,2589,2026-04-10 22:09:43.340690
ACC0056,ACC0176,3328,2026-05-28 08:50:43.340690
ACC0052,ACC0127,3305,2026-05-04 14:33:43.340690
ACC0041,ACC0008,4343,2026-04-06 13:29:43.340690
ACC0172,ACC0097,3242,2026-04-30 19:28:43.340690
ACC0193,ACC0147,1457,2026-04-28 06:38:43.340690
ACC0004,ACC0089,2813,2026-04-30 02:58:43.340690
ACC0076,ACC0166,4733,2026-04-25 04:48:43.340690
ACC0199,ACC0130,400,2026-04-04 03:49:43.340690
ACC0004,ACC0075,3110,2026-04-12 04:21:43.340690
ACC0085,ACC0154,167,2026-05-11 19:40:43.340690
ACC0044,ACC0111,4093,2026-04-25 16:14:43.340690
ACC0105,ACC0090,1637,2026-04-27 03:23:43.340690
ACC0048,ACC0160,4815,2026-05-23 12:43:43.340690
ACC0119,ACC0151,1263,2026-05-16 19:43:43.340690
ACC0143,ACC0008,655,2026-03-31 11:04:43.340690
ACC0123,ACC0006,3761,2026-05-13 06:25:43.340690
ACC0020,ACC0193,3041,2026-05-01 06:15:43.340690
ACC0083,ACC0172,2895,2026-05-12 20:47:43.340690
ACC0135,ACC0049,2059,2026-04-03 13:11:43.340690
ACC0064,ACC0107,2893,2026-04-03 15:12:43.340690
ACC0122,ACC0175,1202,2026-04-25 03:24:43.340690
ACC0036,ACC0030,1399,2026-05-28 01:58:43.340690
ACC0114,ACC0169,3979,2026-05-26 08:23:43.340690
ACC0071,ACC0116,1635,2026-05-09 01:57:43.340690
ACC0036,ACC0101,177,2026-04-14 01:45:43.340690
ACC0031,ACC0185,49370,2026-04-07 19:57:43.340690
ACC0002,ACC0020,1632,2026-03-29 19:23:43.340690
ACC0050,ACC0136,2096,2026-04-30 17:25:43.340690
ACC0093,ACC0092,377,2026-05-29 09:43:43.340690
ACC0154,ACC0171,623,2026-05-17 04:53:43.340690
ACC0051,ACC0180,35429,2026-04-05 02:44:43.340690
ACC0019,ACC0067,3222,2026-04-12 10:26:43.340690
ACC0127,ACC0004,4675,2026-05-07 13:07:43.340690
ACC0065,ACC0141,2231,2026-03-30 13:50:43.340690
ACC0113,ACC0006,915,2026-04-19 20:34:43.340690
ACC0006,ACC0010,49100,2026-04-27 07:38:43.340690
ACC0182,ACC0028,17479,2026-05-07 19:34:43.340690
ACC0099,ACC0060,4573,2026-05-31 04:18:43.340690
ACC0152,ACC0174,1816,2026-05-06 11:00:43.340690
ACC0037,ACC0109,1132,2026-05-06 11:22:43.340690
ACC0049,ACC0068,1510,2026-04-17 09:32:43.340690
ACC0141,ACC0175,4600,2026-04-15 05:24:43.340690
ACC0044,ACC0170,988,2026-03-27 15:42:43.340690
ACC0159,ACC0136,4617,2026-05-07 15:43:43.340690
ACC0012,ACC0185,571,2026-05-18 03:08:43.340690
ACC0163,ACC0198,646,2026-05-14 20:18:43.340690
ACC0086,ACC0055,2925,2026-04-02 01:49:43.340690
ACC0034,ACC0154,5363,2026-05-24 08:34:43.340690
ACC0066,ACC0030,3409,2026-05-29 07:12:43.340690
ACC0007,ACC0112,4829,2026-05-30 04:56:43.340690
ACC0030,ACC0077,1062,2026-05-01 00:27:43.340690
ACC0006,ACC0065,16998,2026-05-30 22:30:43.340690
ACC0182,ACC0126,25224,2026-05-10 03:27:43.340690
ACC0027,ACC0054,4409,2026-05-03 17:36:43.340690
ACC0186,ACC0094,3303,2026-04-19 17:11:43.340690
ACC0118,ACC0009,2344,2026-03-24 06:30:43.340690
ACC0117,ACC0147,741,2026-04-13 21:33:43.340690
ACC0035,ACC0086,429,2026-04-26 19:35:43.340690
ACC0169,ACC0165,38541,2026-05-11 08:49:43.340690
ACC0113,ACC0000,4832,2026-04-16 10:40:43.340690
ACC0007,ACC0047,3042,2026-05-04 01:49:43.340690
ACC0170,ACC0158,2667,2026-05-20 08:31:43.340690
ACC0092,ACC0191,1774,2026-04-08 11:41:43.340690
ACC0043,ACC0113,3480,2026-04-15 12:37:43.340690
ACC0136,ACC0175,1645,2026-05-11 07:32:43.340690
ACC0135,ACC0111,2359,2026-05-25 01:45:43.340690
ACC0067,ACC0038,973,2026-05-24 06:20:43.340690
ACC0063,ACC0060,851,2026-05-22 00:03:43.340690
ACC0148,ACC0147,953,2026-05-17 13:56:43.340690
ACC0171,ACC0158,2383,2026-04-09 10:15:43.340690
ACC0199,ACC0046,577,2026-05-12 14:10:43.340690
ACC0038,ACC0071,3191,2026-05-10 01:37:43.340690
ACC0035,ACC0167,4330,2026-05-09 14:08:43.340690
ACC0087,ACC0070,4605,2026-04-29 06:11:43.340690
ACC0029,ACC0135,1369,2026-05-26 02:04:43.340690
ACC0181,ACC0075,4281,2026-04-02 20:29:43.340690
ACC0138,ACC0056,1569,2026-05-02 20:15:43.340690
ACC0057,ACC0130,1780,2026-04-18 03:18:43.340690
ACC0004,ACC0041,341,2026-05-25 05:21:43.340690
ACC0185,ACC0009,169,2026-04-01 22:28:43.340690
ACC0179,ACC0115,2186,2026-05-07 09:37:43.340690
ACC0156,ACC0089,900,2026-04-27 19:42:43.340690
ACC0186,ACC0142,2879,2026-04-01 05:52:43.340690
ACC0010,ACC0058,855,2026-05-04 06:49:43.340690
ACC0007,ACC0044,2095,2026-04-23 07:05:43.340690
ACC0078,ACC0181,47281,2026-04-25 19:10:43.340690
ACC0188,ACC0101,209,2026-05-19 11:12:43.340690
ACC0032,ACC0184,3965,2026-05-14 11:12:43.340690
ACC0166,ACC0117,2938,2026-03-23 18:31:43.340690
ACC0080,ACC0031,279,2026-05-02 20:50:43.340690
ACC0066,ACC0116,4672,2026-03-31 13:14:43.340690
ACC0162,ACC0014,2723,2026-05-25 13:06:43.340690
ACC0108,ACC0006,4484,2026-05-15 17:27:43.340690
ACC0114,ACC0032,4725,2026-05-09 17:46:43.340690
ACC0002,ACC0100,2376,2026-05-15 00:55:43.340690
ACC0075,ACC0059,695,2026-04-24 17:26:43.340690
ACC0075,ACC0115,4630,2026-05-11 00:39:43.340690
ACC0129,ACC0053,4597,2026-05-03 06:51:43.340690
ACC0109,ACC0071,2235,2026-05-26 21:05:43.340690
ACC0165,ACC0115,4064,2026-04-26 07:55:43.340690
ACC0149,ACC0075,408,2026-05-09 14:07:43.340690
ACC0130,ACC0115,442,2026-05-02 23:36:43.340690
ACC0142,ACC0131,20577,2026-04-02 09:57:43.340690
ACC0065,ACC0105,1042,2026-04-04 19:01:43.340690
ACC0032,ACC0108,3213,2026-05-23 19:18:43.340690
ACC0174,ACC0142,4936,2026-05-16 17:31:43.340690
ACC0171,ACC0091,1053,2026-04-29 09:02:43.340690
ACC0157,ACC0193,3481,2026-03-31 14:33:43.340690
ACC0073,ACC0131,2980,2026-04-01 06:25:43.340690
ACC0077,ACC0021,645,2026-04-28 23:32:43.340690
ACC0187,ACC0091,2027,2026-05-10 13:27:43.340690
ACC0165,ACC0130,4252,2026-03-25 15:05:43.340690
ACC0088,ACC0134,104,2026-04-07 22:23:43.340690
ACC0065,ACC0159,3353,2026-04-05 08:44:43.340690
ACC0186,ACC0024,1462,2026-04-20 11:08:43.340690
ACC0152,ACC0181,2763,2026-04-19 16:30:43.340690
ACC0157,ACC0119,1373,2026-05-29 05:46:43.340690
ACC0184,ACC0061,3759,2026-04-19 16:23:43.340690
ACC0048,ACC0113,3118,2026-05-28 05:49:43.340690
ACC0103,ACC0197,2736,2026-04-28 12:04:43.340690
ACC0065,ACC0028,3129,2026-05-23 18:21:43.340690
ACC0087,ACC0119,4477,2026-04-25 05:21:43.340690
ACC0017,ACC0024,18515,2026-04-11 18:17:43.340690
ACC0149,ACC0113,353,2026-03-31 23:25:43.340690
ACC0087,ACC0194,428,2026-04-19 22:17:43.340690
ACC0015,ACC0160,2930,2026-04-13 22:12:43.340690
ACC0012,ACC0103,1520,2026-05-27 15:16:43.340690
ACC0132,ACC0091,3501,2026-05-29 13:00:43.340690
ACC0100,ACC0162,754,2026-04-23 14:39:43.340690
ACC0050,ACC0123,859,2026-04-22 16:58:43.340690
ACC0088,ACC0005,1898,2026-05-11 08:25:43.340690
ACC0027,ACC0084,3526,2026-05-25 16:26:43.340690
ACC0145,ACC0171,3923,2026-04-27 14:45:43.340690
ACC0127,ACC0043,1976,2026-04-19 19:31:43.340690
ACC0037,ACC0057,2724,2026-03-26 12:05:43.340690
ACC0110,ACC0149,4221,2026-04-01 12:36:43.340690
ACC0105,ACC0185,3834,2026-03-31 12:20:43.340690
ACC0009,ACC0106,1108,2026-05-17 04:14:43.340690
ACC0075,ACC0114,1610,2026-03-28 14:41:43.340690
ACC0088,ACC0159,2608,2026-04-24 02:42:43.340690
ACC0189,ACC0192,2782,2026-04-22 08:09:43.340690
ACC0148,ACC0163,1089,2026-04-07 09:00:43.340690
ACC0089,ACC0161,354,2026-04-12 18:25:43.340690
ACC0166,ACC0158,4552,2026-03-29 19:05:43.340690
ACC0124,ACC0125,1107,2026-04-22 21:44:43.340690
ACC0122,ACC0150,1855,2026-05-24 01:49:43.340690
ACC0157,ACC0135,4008,2026-03-27 21:23:43.340690
ACC0021,ACC0013,2903,2026-05-23 05:55:43.340690
ACC0192,ACC0031,4479,2026-05-12 03:13:43.340690
ACC0042,ACC0132,198,2026-05-12 17:27:43.340690
ACC0060,ACC0083,977,2026-04-27 23:19:43.340690
ACC0018,ACC0027,1968,2026-03-25 06:42:43.340690
ACC0050,ACC0053,2765,2026-04-03 16:44:43.340690
ACC0110,ACC0102,2515,2026-04-21 07:59:43.340690
ACC0006,ACC0115,7637,2026-04-11 00:14:43.340690
ACC0110,ACC0057,1165,2026-03-23 10:44:43.340690
ACC0161,ACC0116,644,2026-05-11 14:10:43.340690
ACC0195,ACC0042,3739,2026-04-02 11:00:43.340690
ACC0005,ACC0192,867,2026-03-31 04:22:43.340690
ACC0039,ACC0099,3757,2026-04-29 01:50:43.340690
ACC0139,ACC0143,754,2026-03-30 22:11:43.340690
ACC0110,ACC0109,2546,2026-04-23 07:48:43.340690
ACC0028,ACC0017,320,2026-04-13 11:50:43.340690
ACC0182,ACC0032,42045,2026-04-01 14:30:43.340690
ACC0122,ACC0158,2669,2026-04-12 05:01:43.340690
ACC0159,ACC0154,1113,2026-05-13 01:25:43.340690
ACC0076,ACC0111,4085,2026-05-11 01:57:43.340690
ACC0186,ACC0193,4410,2026-05-18 01:49:43.340690
ACC0003,ACC0020,8681,2026-03-28 23:17:43.340690
ACC0163,ACC0050,4296,2026-03-27 21:10:43.340690
ACC0150,ACC0110,672,2026-05-02 04:20:43.340690
ACC0113,ACC0174,4853,2026-05-27 15:23:43.340690
ACC0141,ACC0191,3234,2026-03-25 23:28:43.340690
ACC0139,ACC0075,4186,2026-05-25 16:55:43.340690
ACC0104,ACC0069,39765,2026-04-09 19:33:43.340690
ACC0035,ACC0011,4624,2026-03-29 16:07:43.340690
ACC0052,ACC0072,3199,2026-04-11 08:45:43.340690
ACC0165,ACC0192,3240,2026-05-18 05:35:43.340690
ACC0131,ACC0151,3011,2026-04-21 21:28:43.340690
ACC0187,ACC0047,2515,2026-04-05 11:42:43.340690
ACC0126,ACC0194,3857,2026-05-16 11:59:43.340690
ACC0117,ACC0198,4756,2026-04-12 04:11:43.340690
ACC0183,ACC0163,27821,2026-05-13 20:18:43.340690
ACC0061,ACC0082,1273,2026-04-10 01:12:43.340690
ACC0102,ACC0178,935,2026-05-18 14:26:43.340690
ACC0149,ACC0173,997,2026-04-07 19:52:43.340690
ACC0137,ACC0027,4667,2026-04-13 09:21:43.340690
ACC0117,ACC0162,346,2026-05-29 20:43:43.340690
ACC0001,ACC0089,1090,2026-04-19 10:18:43.340690
ACC0090,ACC0175,1026,2026-04-14 05:29:43.340690
ACC0083,ACC0184,1174,2026-03-24 13:43:43.340690
ACC0000,ACC0193,4122,2026-04-07 17:05:43.340690
ACC0005,ACC0118,4884,2026-05-09 22:53:43.340690
ACC0038,ACC0159,3251,2026-03-25 05:20:43.340690
ACC0179,ACC0029,3538,2026-04-12 03:56:43.340690
ACC0096,ACC0159,12054,2026-03-30 07:26:43.340690
ACC0002,ACC0129,4673,2026-05-20 21:33:43.340690
ACC0011,ACC0143,3591,2026-05-31 01:26:43.340690
ACC0087,ACC0033,3164,2026-04-21 04:55:43.340690
ACC0135,ACC0142,687,2026-05-19 05:54:43.340690
ACC0001,ACC0198,1947,2026-05-04 00:53:43.340690
ACC0135,ACC0036,4034,2026-03-30 15:41:43.340690
ACC0173,ACC0067,4026,2026-05-29 05:55:43.340690
ACC0026,ACC0062,4120,2026-04-30 21:57:43.340690
ACC0100,ACC0023,4402,2026-05-01 13:54:43.340690
ACC0174,ACC0141,264,2026-04-20 08:10:43.340690
ACC0140,ACC0101,3157,2026-05-13 00:52:43.340690
ACC0175,ACC0023,4528,2026-04-15 18:14:43.340690
ACC0048,ACC0094,513,2026-04-21 16:44:43.340690
ACC0105,ACC0023,4257,2026-05-12 18:29:43.340690
ACC0192,ACC0085,967,2026-04-06 11:17:43.340690
ACC0094,ACC0189,118,2026-05-08 13:00:43.340690
ACC0058,ACC0190,28851,2026-05-20 21:06:43.340690
ACC0099,ACC0129,3932,2026-04-11 11:25:43.340690
ACC0137,ACC0140,679,2026-04-21 08:23:43.340690
ACC0029,ACC0175,4250,2026-05-18 01:29:43.340690
ACC0124,ACC0084,4237,2026-05-10 17:20:43.340690
ACC0059,ACC0082,4144,2026-03-26 23:14:43.340690
ACC0192,ACC0052,552,2026-04-30 08:31:43.340690
ACC0178,ACC0060,1481,2026-04-10 09:02:43.340690
ACC0156,ACC0123,1567,2026-04-06 16:57:43.340690
ACC0174,ACC0045,2838,2026-05-14 21:56:43.340690
ACC0127,ACC0022,1316,2026-04-04 01:12:43.340690
ACC0097,ACC0042,3914,2026-04-13 20:27:43.340690
ACC0012,ACC0018,184,2026-04-01 18:48:43.340690
ACC0075,ACC0165,1268,2026-04-30 05:08:43.340690
ACC0127,ACC0163,3229,2026-05-21 02:40:43.340690
ACC0140,ACC0118,3745,2026-05-07 00:58:43.340690
ACC0166,ACC0180,2967,2026-05-29 02:36:43.340690
ACC0111,ACC0175,3467,2026-05-10 10:59:43.340690
ACC0098,ACC0134,2294,2026-04-16 12:55:43.340690
ACC0075,ACC0067,545,2026-05-04 09:00:43.340690
ACC0015,ACC0158,3726,2026-04-01 20:56:43.340690
ACC0023,ACC0175,41643,2026-04-04 22:37:43.340690
ACC0139,ACC0198,3437,2026-04-23 02:02:43.340690
ACC0170,ACC0056,361,2026-03-28 16:32:43.340690
ACC0061,ACC0042,4125,2026-05-01 12:46:43.340690
ACC0168,ACC0041,191,2026-04-13 03:21:43.340690
ACC0188,ACC0097,3409,2026-04-09 16:02:43.340690
ACC0149,ACC0148,3543,2026-05-16 16:37:43.340690
ACC0034,ACC0026,15725,2026-05-08 07:31:43.340690
ACC0019,ACC0156,4220,2026-05-02 23:57:43.340690
ACC0056,ACC0016,3688,2026-03-25 06:25:43.340690
ACC0099,ACC0188,1912,2026-04-06 03:22:43.340690
ACC0017,ACC0091,19021,2026-04-12 01:32:43.340690
ACC0198,ACC0077,4214,2026-05-30 13:45:43.340690
ACC0086,ACC0100,1316,2026-04-28 16:12:43.340690
ACC0020,ACC0121,1510,2026-05-17 17:51:43.340690
ACC0115,ACC0089,25756,2026-03-26 14:40:43.340690
ACC0190,ACC0176,651,2026-04-30 17:58:43.340690
ACC0089,ACC0016,1276,2026-04-07 01:30:43.340690
ACC0009,ACC0100,4432,2026-03-23 14:11:43.340690
ACC0114,ACC0082,4176,2026-05-21 13:22:43.340690
ACC0186,ACC0110,2831,2026-03-25 15:08:43.340690
ACC0101,ACC0118,4037,2026-05-14 12:50:43.340690
ACC0177,ACC0133,472,2026-03-25 00:44:43.340690
ACC0169,ACC0196,43384,2026-04-04 22:58:43.340690
ACC0183,ACC0000,40016,2026-04-04 01:44:43.340690
ACC0163,ACC0024,2656,2026-04-17 22:47:43.342697
ACC0198,ACC0118,2422,2026-05-15 18:14:43.342697
ACC0013,ACC0171,603,2026-04-10 10:26:43.342697
ACC0113,ACC0156,3289,2026-05-02 14:50:43.342697
ACC0184,ACC0151,3725,2026-03-25 16:15:43.342697
ACC0082,ACC0018,414,2026-05-21 01:09:43.342697
ACC0038,ACC0011,2476,2026-05-13 18:16:43.342697
ACC0097,ACC0186,4478,2026-05-23 18:50:43.342697
ACC0066,ACC0073,357,2026-03-23 21:14:43.342697
ACC0137,ACC0119,4769,2026-05-09 19:01:43.342697
ACC0155,ACC0045,1652,2026-05-09 15:16:43.342697
ACC0042,ACC0020,4618,2026-03-31 18:47:43.342697
ACC0179,ACC0022,857,2026-04-25 11:10:43.342697
ACC0139,ACC0090,1204,2026-04-12 02:26:43.342697
ACC0125,ACC0090,4624,2026-04-25 00:21:43.342697
ACC0012,ACC0109,4092,2026-04-16 06:12:43.342697
ACC0079,ACC0096,303,2026-04-28 16:53:43.342697
ACC0035,ACC0034,2875,2026-04-26 03:00:43.342697
ACC0125,ACC0114,2061,2026-04-01 01:36:43.342697
ACC0015,ACC0161,822,2026-04-21 04:29:43.342697
ACC0187,ACC0180,628,2026-05-05 09:31:43.342697
ACC0024,ACC0084,443,2026-03-27 08:14:43.342697
ACC0082,ACC0137,3782,2026-03-31 21:54:43.342697
ACC0110,ACC0041,308,2026-05-16 21:12:43.342697
ACC0187,ACC0112,3506,2026-04-20 19:37:43.342697
ACC0130,ACC0118,2399,2026-03-27 15:44:43.342697
ACC0108,ACC0195,2047,2026-04-26 18:41:43.342697
ACC0119,ACC0032,2144,2026-04-27 03:02:43.342697
ACC0111,ACC0120,1849,2026-04-19 18:06:43.342697
ACC0023,ACC0066,41160,2026-05-18 05:56:43.342697
ACC0033,ACC0010,2580,2026-04-06 00:12:43.342697
ACC0165,ACC0037,1645,2026-04-15 07:06:43.342697
ACC0077,ACC0150,1950,2026-04-18 02:33:43.342697
ACC0020,ACC0197,4298,2026-04-13 23:57:43.342697
ACC0116,ACC0113,2003,2026-04-04 17:15:43.342697
ACC0104,ACC0122,12194,2026-04-11 23:25:43.342697
ACC0060,ACC0123,778,2026-03-25 18:16:43.342697
ACC0187,ACC0167,1088,2026-05-10 20:55:43.342697
ACC0111,ACC0085,2575,2026-05-13 08:49:43.342697
ACC0000,ACC0020,2969,2026-04-14 23:54:43.342697
ACC0166,ACC0059,1889,2026-03-31 23:51:43.342697
ACC0131,ACC0068,1525,2026-05-20 12:45:43.342697
ACC0161,ACC0198,2540,2026-05-09 20:59:43.342697
ACC0101,ACC0003,1378,2026-04-06 16:06:43.342697
ACC0036,ACC0109,2694,2026-04-25 17:24:43.342697
ACC0191,ACC0051,3903,2026-04-09 15:17:43.342697
ACC0069,ACC0044,3639,2026-03-26 11:05:43.342697
ACC0041,ACC0106,3583,2026-04-22 07:09:43.342697
ACC0121,ACC0096,2341,2026-05-27 02:54:43.342697
ACC0150,ACC0135,2865,2026-04-08 02:34:43.342697
ACC0132,ACC0125,3450,2026-03-24 00:05:43.342697
ACC0106,ACC0091,2825,2026-05-05 21:41:43.342697
ACC0088,ACC0145,187,2026-03-25 13:20:43.342697
ACC0087,ACC0043,1258,2026-03-31 14:56:43.342697
ACC0182,ACC0139,10470,2026-03-25 14:37:43.342697
ACC0170,ACC0002,4373,2026-03-27 23:43:43.342697
ACC0032,ACC0124,1481,2026-05-27 00:29:43.342697
ACC0064,ACC0135,4781,2026-05-15 14:02:43.342697
ACC0073,ACC0017,2164,2026-04-08 16:50:43.342697
ACC0128,ACC0115,417,2026-03-25 03:28:43.342697
ACC0131,ACC0136,1602,2026-05-27 07:02:43.342697
ACC0091,ACC0128,2142,2026-04-12 20:18:43.342697
ACC0146,ACC0156,2122,2026-03-24 04:50:43.342697
ACC0134,ACC0136,809,2026-04-24 22:43:43.342697
ACC0049,ACC0055,4240,2026-04-07 06:55:43.342697
ACC0142,ACC0072,41018,2026-05-25 22:51:43.342697
ACC0000,ACC0072,517,2026-05-06 23:41:43.342697
ACC0144,ACC0109,3954,2026-04-03 21:31:43.342697
ACC0038,ACC0178,4521,2026-05-26 02:15:43.342697
ACC0176,ACC0097,3528,2026-05-25 20:55:43.342697
ACC0042,ACC0176,2361,2026-03-30 02:11:43.342697
ACC0114,ACC0035,4269,2026-05-23 08:06:43.342697
ACC0043,ACC0102,608,2026-04-21 06:01:43.342697
ACC0109,ACC0101,4852,2026-04-09 10:52:43.342697
ACC0170,ACC0049,4005,2026-05-23 17:25:43.342697
ACC0091,ACC0030,3309,2026-05-26 20:49:43.342697
ACC0078,ACC0016,42939,2026-04-27 16:19:43.342697
ACC0070,ACC0015,424,2026-03-28 14:07:43.342697
ACC0082,ACC0034,4076,2026-04-16 05:50:43.342697
ACC0128,ACC0026,4912,2026-05-01 04:22:43.342697
ACC0161,ACC0057,4472,2026-04-08 13:21:43.342697
ACC0131,ACC0129,3657,2026-04-13 13:09:43.342697
ACC0019,ACC0151,251,2026-04-15 09:02:43.342697
ACC0164,ACC0111,4454,2026-03-30 16:32:43.342697
ACC0044,ACC0008,1291,2026-03-23 19:21:43.342697
ACC0120,ACC0089,409,2026-04-05 12:38:43.342697
ACC0045,ACC0129,1602,2026-05-29 09:05:43.342697
ACC0121,ACC0060,4668,2026-04-08 00:17:43.342697
ACC0038,ACC0177,3495,2026-03-29 09:47:43.342697
ACC0072,ACC0043,945,2026-03-23 11:24:43.342697
ACC0054,ACC0121,4862,2026-04-17 06:43:43.342697
ACC0012,ACC0082,1867,2026-04-23 16:40:43.342697
ACC0118,ACC0164,454,2026-04-26 02:48:43.342697
ACC0149,ACC0128,2124,2026-05-28 21:20:43.342697
ACC0075,ACC0138,4375,2026-05-03 01:27:43.342697
ACC0056,ACC0026,4366,2026-03-27 03:10:43.342697
ACC0127,ACC0024,2621,2026-05-29 18:11:43.342697
ACC0027,ACC0087,1490,2026-04-25 16:34:43.342697
ACC0157,ACC0092,934,2026-05-25 16:54:43.342697
ACC0193,ACC0065,3615,2026-05-11 07:59:43.342697
ACC0008,ACC0149,2543,2026-04-17 18:28:43.342697
ACC0172,ACC0158,3786,2026-05-23 08:18:43.342697
ACC0132,ACC0012,1136,2026-05-24 14:08:43.342697
ACC0177,ACC0124,2840,2026-04-21 09:16:43.342697
ACC0120,ACC0080,1648,2026-04-12 12:31:43.342697
ACC0199,ACC0006,4057,2026-05-29 04:25:43.342697
ACC0038,ACC0111,739,2026-05-08 16:12:43.342697
ACC0060,ACC0157,4454,2026-05-14 03:00:43.342697
ACC0121,ACC0040,622,2026-04-09 00:27:43.342697
ACC0126,ACC0058,2986,2026-05-13 03:27:43.342697
ACC0168,ACC0011,4045,2026-04-23 18:45:43.342697
ACC0118,ACC0014,2309,2026-04-10 15:50:43.342697
ACC0062,ACC0199,3883,2026-04-25 14:50:43.342697
ACC0007,ACC0134,4176,2026-03-23 12:35:43.342697
ACC0111,ACC0060,3980,2026-05-01 08:58:43.342697
ACC0073,ACC0076,2679,2026-04-14 02:31:43.342697
ACC0147,ACC0186,2858,2026-04-26 07:46:43.342697
ACC0171,ACC0148,2473,2026-05-03 04:44:43.342697
ACC0192,ACC0110,4090,2026-04-23 19:10:43.342697
ACC0070,ACC0038,4945,2026-04-26 14:11:43.342697
ACC0172,ACC0058,2789,2026-05-21 10:43:43.342697
ACC0036,ACC0083,1975,2026-04-22 00:32:43.342697
ACC0148,ACC0104,3506,2026-04-09 02:37:43.342697
ACC0134,ACC0182,4032,2026-05-13 08:49:43.342697
ACC0139,ACC0010,3848,2026-05-14 10:48:43.342697
ACC0098,ACC0036,3961,2026-04-29 02:47:43.342697
ACC0040,ACC0159,2280,2026-04-19 14:42:43.342697
ACC0169,ACC0183,7833,2026-04-12 08:51:43.342697
ACC0071,ACC0015,1497,2026-05-21 17:56:43.342697
ACC0131,ACC0081,3926,2026-03-26 19:06:43.342697
ACC0102,ACC0178,931,2026-04-08 11:27:43.342697
ACC0005,ACC0076,4877,2026-05-20 10:38:43.342697
ACC0014,ACC0143,2835,2026-03-29 21:54:43.342697
ACC0044,ACC0053,2163,2026-05-19 14:27:43.342697
ACC0142,ACC0083,37930,2026-04-10 15:19:43.342697
ACC0003,ACC0062,33315,2026-03-28 07:23:43.342697
ACC0069,ACC0161,2032,2026-05-12 14:08:43.342697
ACC0088,ACC0051,3635,2026-03-25 20:14:43.342697
ACC0078,ACC0074,27340,2026-04-02 06:26:43.342697
ACC0015,ACC0037,2890,2026-04-02 18:45:43.342697
ACC0010,ACC0085,4033,2026-05-29 04:47:43.342697
ACC0087,ACC0021,1022,2026-04-21 19:11:43.342697
ACC0169,ACC0133,15367,2026-04-16 09:22:43.342697
ACC0093,ACC0085,1682,2026-05-08 09:40:43.342697
ACC0166,ACC0058,3358,2026-04-08 13:07:43.342697
ACC0153,ACC0197,2600,2026-04-01 11:46:43.342697
ACC0121,ACC0168,1087,2026-05-06 06:28:43.342697
ACC0022,ACC0161,323,2026-04-28 10:49:43.342697
ACC0028,ACC0182,450,2026-04-03 07:44:43.342697
ACC0023,ACC0103,29127,2026-04-21 11:40:43.342697
ACC0007,ACC0154,4377,2026-05-05 12:12:43.342697
ACC0136,ACC0184,1117,2026-04-03 02:46:43.342697
ACC0149,ACC0184,4967,2026-04-28 05:15:43.342697
ACC0052,ACC0156,4224,2026-05-07 02:45:43.342697
ACC0037,ACC0028,1993,2026-05-21 23:59:43.342697
ACC0195,ACC0121,3140,2026-04-20 07:00:43.342697
ACC0092,ACC0155,1225,2026-04-13 20:59:43.342697
ACC0133,ACC0113,4261,2026-04-28 00:21:43.342697
ACC0123,ACC0116,4142,2026-04-18 02:18:43.342697
ACC0109,ACC0162,4533,2026-03-28 11:10:43.342697
ACC0141,ACC0189,546,2026-05-12 03:34:43.342697
ACC0146,ACC0170,2818,2026-04-18 16:32:43.342697
ACC0170,ACC0071,695,2026-05-30 04:06:43.342697
ACC0148,ACC0103,2850,2026-04-03 21:58:43.342697
ACC0107,ACC0064,17161,2026-05-17 04:23:43.342697
ACC0105,ACC0044,4321,2026-03-26 18:53:43.342697
ACC0174,ACC0027,3680,2026-03-23 14:39:43.342697
ACC0174,ACC0072,680,2026-04-17 06:47:43.342697
ACC0021,ACC0006,4101,2026-05-30 17:01:43.342697
ACC0103,ACC0088,329,2026-04-27 20:10:43.342697
ACC0152,ACC0012,3285,2026-05-09 10:53:43.342697
ACC0181,ACC0149,601,2026-03-28 11:48:43.342697
ACC0126,ACC0019,148,2026-05-17 16:42:43.342697
ACC0024,ACC0123,3155,2026-04-21 06:00:43.342697
ACC0169,ACC0198,38737,2026-05-12 01:56:43.342697
ACC0019,ACC0136,1105,2026-04-11 23:56:43.342697
ACC0130,ACC0025,3152,2026-04-30 17:35:43.342697
ACC0089,ACC0058,2402,2026-04-14 10:53:43.342697
ACC0123,ACC0191,1707,2026-05-20 16:52:43.342697
ACC0040,ACC0062,4466,2026-03-24 04:46:43.342697
ACC0112,ACC0071,1380,2026-04-13 10:49:43.342697
ACC0175,ACC0161,358,2026-05-13 19:49:43.342697
ACC0003,ACC0136,35766,2026-04-15 16:12:43.342697
ACC0156,ACC0198,987,2026-05-25 17:13:43.342697
ACC0162,ACC0198,3482,2026-03-28 00:46:43.342697
ACC0157,ACC0191,248,2026-04-04 08:35:43.342697
ACC0157,ACC0053,2302,2026-05-28 22:43:43.342697
ACC0109,ACC0141,3261,2026-05-11 18:35:43.342697
ACC0128,ACC0006,4553,2026-05-23 14:35:43.342697
ACC0171,ACC0056,4651,2026-04-14 01:53:43.342697
ACC0006,ACC0183,17916,2026-04-05 12:09:43.342697
ACC0124,ACC0160,585,2026-04-28 11:16:43.342697
ACC0043,ACC0180,299,2026-04-07 05:58:43.342697
ACC0148,ACC0179,2082,2026-03-30 19:16:43.342697
ACC0112,ACC0037,1571,2026-03-26 22:57:43.342697
ACC0125,ACC0041,4983,2026-04-14 10:25:43.342697
ACC0003,ACC0172,44993,2026-04-30 18:19:43.342697
ACC0103,ACC0050,2178,2026-04-20 16:07:43.342697
ACC0021,ACC0179,704,2026-04-19 01:20:43.342697
ACC0096,ACC0105,43553,2026-05-13 11:59:43.342697
ACC0183,ACC0024,35492,2026-05-16 23:31:43.342697
ACC0183,ACC0167,29143,2026-04-07 15:49:43.342697
ACC0168,ACC0196,3033,2026-04-26 20:02:43.342697
ACC0147,ACC0140,3915,2026-03-24 22:20:43.342697
ACC0130,ACC0121,947,2026-04-12 17:23:43.342697
ACC0134,ACC0157,4354,2026-05-10 04:59:43.342697
ACC0068,ACC0069,4568,2026-04-08 18:32:43.342697
ACC0015,ACC0040,3420,2026-05-24 02:02:43.342697
ACC0085,ACC0175,4798,2026-04-24 10:09:43.342697
ACC0060,ACC0195,2096,2026-05-19 02:04:43.342697
ACC0160,ACC0042,43826,2026-03-30 17:01:43.342697
ACC0164,ACC0054,3391,2026-04-19 17:21:43.342697
ACC0098,ACC0172,826,2026-03-29 02:36:43.342697
ACC0191,ACC0114,3560,2026-04-11 09:19:43.342697
ACC0126,ACC0124,3818,2026-05-22 13:09:43.342697
ACC0121,ACC0190,382,2026-04-15 06:55:43.342697
ACC0188,ACC0073,3985,2026-04-08 13:20:43.342697
ACC0183,ACC0041,36816,2026-04-06 04:20:43.342697
ACC0132,ACC0017,3070,2026-04-04 22:58:43.342697
ACC0025,ACC0191,3597,2026-04-04 00:05:43.342697
ACC0058,ACC0131,42528,2026-04-06 17:00:43.342697
ACC0175,ACC0021,166,2026-03-25 16:51:43.342697
ACC0040,ACC0173,736,2026-05-08 09:40:43.342697
ACC0028,ACC0000,1701,2026-03-29 09:35:43.342697
ACC0058,ACC0081,18393,2026-04-13 11:46:43.342697
ACC0015,ACC0050,1125,2026-05-29 23:41:43.342697
ACC0044,ACC0168,4857,2026-03-23 17:24:43.342697
ACC0161,ACC0010,2551,2026-03-24 22:10:43.342697
ACC0173,ACC0183,4731,2026-05-24 21:29:43.342697
ACC0053,ACC0197,1335,2026-05-15 12:08:43.342697
ACC0103,ACC0065,4132,2026-04-19 10:48:43.342697
ACC0082,ACC0179,4823,2026-04-06 23:40:43.342697
ACC0139,ACC0028,3649,2026-04-07 10:24:43.342697
ACC0017,ACC0055,12938,2026-05-28 16:11:43.342697
ACC0154,ACC0118,1454,2026-04-12 08:01:43.342697
ACC0133,ACC0042,1936,2026-05-03 04:15:43.342697
ACC0002,ACC0033,2992,2026-04-19 23:52:43.342697
ACC0193,ACC0078,2683,2026-04-19 22:50:43.342697
ACC0101,ACC0069,3718,2026-04-26 08:01:43.342697
ACC0030,ACC0084,1607,2026-04-27 10:49:43.342697
ACC0189,ACC0179,4171,2026-05-07 08:41:43.344704
ACC0062,ACC0127,3742,2026-03-25 12:54:43.344704
ACC0050,ACC0081,1394,2026-04-05 13:20:43.344704
ACC0078,ACC0156,41833,2026-03-28 01:28:43.344704
ACC0104,ACC0005,29398,2026-04-18 19:18:43.344704
ACC0062,ACC0068,1703,2026-05-19 06:06:43.344704
ACC0115,ACC0016,27340,2026-04-16 09:58:43.344704
ACC0023,ACC0035,23825,2026-05-19 09:50:43.344704
ACC0171,ACC0080,1605,2026-04-09 13:38:43.344704
ACC0175,ACC0051,396,2026-04-05 05:22:43.344704
ACC0065,ACC0179,4454,2026-04-02 00:45:43.344704
ACC0196,ACC0081,2196,2026-05-23 08:31:43.344704
ACC0129,ACC0117,2308,2026-03-31 12:04:43.344704
ACC0174,ACC0077,275,2026-05-09 02:18:43.344704
ACC0180,ACC0156,2602,2026-05-23 02:01:43.344704
ACC0180,ACC0024,1767,2026-04-18 16:37:43.344704
ACC0196,ACC0115,2645,2026-04-16 07:32:43.344704
ACC0134,ACC0107,775,2026-04-26 03:37:43.344704
ACC0044,ACC0071,1456,2026-04-25 06:48:43.344704
ACC0017,ACC0150,24643,2026-05-04 11:45:43.344704
ACC0047,ACC0002,646,2026-05-03 06:19:43.344704
ACC0015,ACC0168,2183,2026-05-07 09:04:43.344704
ACC0121,ACC0177,4634,2026-04-14 19:44:43.344704
ACC0011,ACC0185,1715,2026-05-30 06:23:43.344704
ACC0118,ACC0123,2742,2026-04-14 22:16:43.344704
ACC0073,ACC0058,3496,2026-04-01 14:30:43.344704
ACC0062,ACC0140,3705,2026-05-17 12:49:43.344704
ACC0093,ACC0154,718,2026-05-30 18:20:43.344704
ACC0002,ACC0172,2215,2026-05-23 23:01:43.344704
ACC0111,ACC0162,4376,2026-04-10 17:43:43.344704
ACC0157,ACC0095,1587,2026-04-20 15:31:43.344704
ACC0111,ACC0021,2213,2026-05-30 19:48:43.344704
ACC0196,ACC0105,2531,2026-05-14 15:09:43.344704
ACC0164,ACC0196,1682,2026-04-06 01:22:43.344704
ACC0024,ACC0132,1408,2026-05-16 18:11:43.344704
ACC0000,ACC0049,701,2026-05-30 10:12:43.344704
ACC0155,ACC0026,4980,2026-04-22 04:57:43.344704
ACC0134,ACC0061,4866,2026-05-04 04:42:43.344704
ACC0015,ACC0058,200,2026-04-22 19:03:43.344704
ACC0094,ACC0109,4371,2026-05-08 15:07:43.344704
ACC0114,ACC0013,4125,2026-05-23 20:02:43.344704
ACC0196,ACC0046,2642,2026-04-05 10:14:43.344704
ACC0102,ACC0059,2103,2026-05-30 11:35:43.344704
ACC0052,ACC0019,854,2026-04-30 18:24:43.344704
ACC0005,ACC0079,2358,2026-04-29 11:10:43.344704
ACC0001,ACC0026,3765,2026-03-30 05:29:43.344704
ACC0016,ACC0097,4335,2026-04-27 01:00:43.344704
ACC0057,ACC0038,369,2026-03-30 03:46:43.344704
ACC0019,ACC0068,3560,2026-04-19 08:40:43.344704
ACC0015,ACC0128,605,2026-04-03 21:03:43.344704
ACC0002,ACC0129,2179,2026-04-13 20:31:43.344704
ACC0017,ACC0001,32818,2026-05-10 08:08:43.344704
ACC0050,ACC0139,461,2026-05-17 14:08:43.344704
ACC0049,ACC0109,1556,2026-04-13 05:09:43.344704
ACC0183,ACC0056,41963,2026-04-20 13:27:43.344704
ACC0105,ACC0154,1152,2026-04-14 07:07:43.344704
ACC0141,ACC0055,4827,2026-04-26 22:39:43.344704
ACC0197,ACC0079,19670,2026-04-13 07:24:43.344704
ACC0179,ACC0038,2229,2026-04-29 17:43:43.344704
ACC0077,ACC0121,4116,2026-05-15 01:49:43.344704
ACC0037,ACC0173,3402,2026-04-15 12:57:43.344704
ACC0149,ACC0134,174,2026-05-13 03:34:43.344704
ACC0174,ACC0045,4257,2026-04-29 15:43:43.344704
ACC0187,ACC0146,419,2026-05-13 11:24:43.344704
ACC0165,ACC0082,1655,2026-05-15 12:15:43.344704
ACC0085,ACC0092,4307,2026-03-27 20:48:43.344704
ACC0041,ACC0180,560,2026-05-21 02:29:43.344704
ACC0053,ACC0114,986,2026-04-07 21:31:43.344704
ACC0019,ACC0011,4036,2026-04-26 16:05:43.344704
ACC0135,ACC0121,3976,2026-05-05 14:09:43.344704
ACC0135,ACC0129,2024,2026-05-20 14:59:43.344704
ACC0110,ACC0167,1026,2026-05-05 13:32:43.344704
ACC0172,ACC0048,2381,2026-05-25 03:05:43.344704
ACC0179,ACC0031,4774,2026-05-07 07:03:43.344704
ACC0014,ACC0164,2351,2026-03-29 05:48:43.344704
ACC0085,ACC0044,4669,2026-04-02 18:08:43.344704
ACC0166,ACC0089,3969,2026-05-27 08:31:43.344704
ACC0143,ACC0152,4581,2026-04-18 12:38:43.344704
ACC0199,ACC0139,4625,2026-05-16 22:13:43.344704
ACC0141,ACC0022,1660,2026-04-30 11:50:43.344704
ACC0039,ACC0197,1264,2026-05-21 01:54:43.344704
ACC0100,ACC0036,2822,2026-04-08 17:06:43.344704
ACC0133,ACC0190,570,2026-04-20 17:52:43.344704
ACC0156,ACC0152,1568,2026-05-14 16:03:43.344704
ACC0159,ACC0080,908,2026-03-29 20:29:43.344704
ACC0120,ACC0115,4226,2026-04-04 16:13:43.344704
ACC0102,ACC0192,4242,2026-03-27 00:55:43.344704
ACC0002,ACC0154,2499,2026-05-05 06:31:43.344704
ACC0167,ACC0137,1745,2026-04-29 03:32:43.344704
ACC0093,ACC0185,157,2026-04-26 15:11:43.344704
ACC0043,ACC0025,1453,2026-05-31 00:25:43.344704
ACC0169,ACC0001,8895,2026-04-21 06:06:43.344704
ACC0194,ACC0080,47968,2026-05-03 16:55:43.344704
ACC0011,ACC0113,3242,2026-05-18 22:18:43.344704
ACC0186,ACC0067,1577,2026-03-23 16:03:43.344704
ACC0131,ACC0050,4006,2026-05-05 16:12:43.344704
ACC0181,ACC0033,1638,2026-04-14 14:23:43.344704
ACC0023,ACC0156,11269,2026-04-16 11:13:43.344704
ACC0076,ACC0163,910,2026-05-12 22:21:43.344704
ACC0107,ACC0069,11841,2026-05-01 04:29:43.344704
ACC0113,ACC0133,2132,2026-04-09 07:17:43.344704
ACC0188,ACC0078,4645,2026-04-08 13:34:43.344704
ACC0039,ACC0008,1994,2026-05-30 01:25:43.344704
ACC0062,ACC0013,715,2026-03-23 15:01:43.344704
ACC0045,ACC0085,4751,2026-04-19 02:44:43.344704
ACC0007,ACC0039,2113,2026-04-02 02:15:43.344704
ACC0003,ACC0026,21874,2026-04-24 09:30:43.344704
ACC0072,ACC0166,2528,2026-05-05 07:57:43.344704
ACC0030,ACC0083,641,2026-05-24 23:13:43.344704
ACC0092,ACC0158,1733,2026-05-16 18:08:43.344704
ACC0150,ACC0189,3026,2026-04-05 04:21:43.344704
ACC0024,ACC0186,4476,2026-05-24 23:02:43.344704
ACC0154,ACC0060,4968,2026-05-26 18:50:43.344704
ACC0190,ACC0139,4067,2026-04-12 23:13:43.344704
ACC0165,ACC0097,2358,2026-04-22 15:30:43.344704
ACC0044,ACC0006,4747,2026-05-03 03:05:43.344704
ACC0021,ACC0101,2173,2026-03-31 09:02:43.344704
ACC0153,ACC0149,801,2026-05-09 10:46:43.344704
ACC0182,ACC0151,47879,2026-04-21 18:47:43.344704
ACC0028,ACC0162,2560,2026-04-07 09:22:43.344704
ACC0166,ACC0185,4364,2026-05-03 06:16:43.344704
ACC0112,ACC0130,4424,2026-04-28 20:54:43.344704
ACC0133,ACC0016,466,2026-04-09 23:37:43.344704
ACC0056,ACC0073,4986,2026-03-27 11:11:43.344704
ACC0058,ACC0097,42387,2026-05-16 13:37:43.344704
ACC0161,ACC0075,2253,2026-05-04 00:29:43.344704
ACC0068,ACC0022,2008,2026-04-19 15:16:43.344704
ACC0057,ACC0167,4328,2026-05-06 16:42:43.344704
ACC0199,ACC0173,3583,2026-04-08 11:04:43.344704
ACC0084,ACC0134,1870,2026-05-23 00:07:43.344704
ACC0016,ACC0128,1877,2026-05-22 22:28:43.344704
ACC0173,ACC0007,897,2026-04-16 04:47:43.344704
ACC0034,ACC0143,40983,2026-05-04 03:30:43.344704
ACC0196,ACC0022,3076,2026-04-02 01:35:43.344704
ACC0155,ACC0157,1811,2026-04-16 02:00:43.344704
ACC0106,ACC0176,852,2026-04-18 23:19:43.344704
ACC0143,ACC0111,1492,2026-05-26 20:03:43.344704
ACC0152,ACC0075,2705,2026-05-21 13:27:43.344704
ACC0031,ACC0056,22061,2026-04-15 23:11:43.344704
ACC0074,ACC0057,3387,2026-04-01 08:39:43.344704
ACC0044,ACC0197,2046,2026-05-27 16:48:43.344704
ACC0196,ACC0174,1195,2026-05-22 07:57:43.344704
ACC0111,ACC0021,1882,2026-04-24 06:19:43.344704
ACC0193,ACC0121,3357,2026-04-11 17:23:43.344704
ACC0110,ACC0149,2097,2026-04-05 23:31:43.344704
ACC0112,ACC0011,4969,2026-04-26 07:59:43.344704
ACC0190,ACC0116,4106,2026-04-09 04:29:43.344704
ACC0142,ACC0172,8981,2026-05-24 22:59:43.344704
ACC0015,ACC0009,1043,2026-03-26 08:17:43.344704
ACC0110,ACC0095,1045,2026-05-19 18:08:43.344704
ACC0002,ACC0183,2800,2026-05-15 17:52:43.344704
ACC0144,ACC0051,1517,2026-05-30 11:48:43.344704
ACC0144,ACC0042,3866,2026-04-27 05:50:43.344704
ACC0050,ACC0104,1644,2026-04-15 23:38:43.344704
ACC0150,ACC0157,3223,2026-03-29 08:23:43.344704
ACC0170,ACC0009,4976,2026-04-10 04:39:43.344704
ACC0145,ACC0095,1309,2026-05-05 05:11:43.344704
ACC0068,ACC0186,4998,2026-05-18 15:50:43.344704
ACC0098,ACC0015,2779,2026-05-26 06:22:43.344704
ACC0083,ACC0193,2985,2026-03-28 00:34:43.344704
ACC0028,ACC0128,803,2026-04-14 09:26:43.344704
ACC0122,ACC0199,3381,2026-04-12 18:26:43.344704
ACC0076,ACC0009,428,2026-04-29 07:01:43.344704
ACC0144,ACC0185,4328,2026-04-29 16:22:43.344704
ACC0158,ACC0094,220,2026-05-26 20:43:43.344704
ACC0083,ACC0111,1064,2026-05-17 05:44:43.344704
ACC0174,ACC0055,3775,2026-04-03 05:16:43.344704
ACC0133,ACC0060,432,2026-05-23 12:32:43.344704
ACC0063,ACC0157,1416,2026-05-09 00:09:43.344704
ACC0155,ACC0186,3270,2026-04-20 17:39:43.344704
ACC0019,ACC0085,455,2026-03-27 00:46:43.344704
ACC0143,ACC0035,1626,2026-04-18 01:15:43.344704
ACC0186,ACC0050,128,2026-04-18 05:42:43.344704
ACC0187,ACC0169,1113,2026-04-30 00:26:43.344704
ACC0034,ACC0043,7024,2026-05-22 04:09:43.344704
ACC0079,ACC0150,2211,2026-04-04 03:18:43.344704
ACC0100,ACC0122,869,2026-04-26 13:22:43.344704
ACC0056,ACC0078,2313,2026-04-16 08:58:43.344704
ACC0063,ACC0097,2006,2026-05-03 15:45:43.344704
ACC0066,ACC0010,1664,2026-04-20 18:51:43.344704
ACC0150,ACC0199,3939,2026-04-05 12:48:43.344704
ACC0136,ACC0015,1560,2026-04-05 03:34:43.344704
ACC0135,ACC0053,4085,2026-04-26 10:24:43.344704
ACC0145,ACC0058,2953,2026-04-10 15:30:43.344704
ACC0081,ACC0181,4956,2026-05-11 01:28:43.344704
ACC0054,ACC0080,1528,2026-05-05 18:06:43.344704
ACC0057,ACC0019,4574,2026-04-13 21:45:43.344704
ACC0165,ACC0173,655,2026-03-29 17:25:43.344704
ACC0162,ACC0136,1663,2026-04-30 16:12:43.344704
ACC0020,ACC0136,1140,2026-04-14 04:10:43.344704
ACC0185,ACC0163,4574,2026-04-18 09:53:43.344704
ACC0185,ACC0051,2653,2026-05-30 07:33:43.344704
ACC0071,ACC0136,175,2026-04-01 15:46:43.344704
ACC0080,ACC0059,3419,2026-05-18 12:59:43.344704
ACC0003,ACC0007,24157,2026-05-07 05:22:43.344704
ACC0043,ACC0166,3329,2026-04-03 21:24:43.344704
ACC0024,ACC0119,4462,2026-05-27 22:44:43.344704
ACC0149,ACC0007,710,2026-05-10 22:32:43.344704
ACC0010,ACC0109,2875,2026-04-09 21:12:43.344704
ACC0000,ACC0010,3777,2026-05-27 12:36:43.344704
ACC0159,ACC0189,130,2026-05-14 19:58:43.344704
ACC0049,ACC0019,1500,2026-05-10 20:07:43.344704
ACC0124,ACC0038,4171,2026-04-14 02:30:43.344704
ACC0050,ACC0002,970,2026-05-13 12:04:43.344704
ACC0168,ACC0025,2839,2026-03-23 15:08:43.344704
ACC0077,ACC0192,440,2026-03-26 09:41:43.344704
ACC0071,ACC0131,4233,2026-05-19 17:09:43.344704
ACC0163,ACC0161,2133,2026-05-24 18:40:43.344704
ACC0005,ACC0067,3557,2026-05-01 22:56:43.344704
ACC0055,ACC0021,3075,2026-04-09 14:55:43.344704
ACC0120,ACC0135,553,2026-04-09 04:00:43.344704
ACC0037,ACC0093,2884,2026-03-23 17:10:43.344704
ACC0061,ACC0041,4968,2026-04-04 15:40:43.344704
ACC0020,ACC0177,4079,2026-03-30 07:05:43.344704
ACC0098,ACC0000,1020,2026-04-01 05:52:43.344704
ACC0172,ACC0158,2518,2026-03-27 10:03:43.344704
ACC0157,ACC0059,2117,2026-05-26 00:35:43.344704
ACC0160,ACC0091,47188,2026-05-28 05:20:43.344704
ACC0000,ACC0022,2534,2026-04-04 18:05:43.344704
ACC0015,ACC0031,2968,2026-05-24 02:45:43.344704
ACC0190,ACC0158,1538,2026-03-27 01:56:43.344704
ACC0180,ACC0031,3643,2026-04-30 21:37:43.344704
ACC0180,ACC0177,1881,2026-05-07 05:21:43.344704
ACC0028,ACC0064,2069,2026-04-15 21:25:43.344704
ACC0008,ACC0057,607,2026-04-23 03:21:43.344704
ACC0143,ACC0146,431,2026-03-30 21:32:43.344704
ACC0088,ACC0062,650,2026-03-31 16:32:43.344704
ACC0165,ACC0090,1041,2026-05-21 10:01:43.344704
ACC0172,ACC0005,827,2026-05-16 17:13:43.344704
ACC0182,ACC0119,48822,2026-03-31 01:38:43.344704
ACC0104,ACC0068,15929,2026-04-19 19:41:43.344704
ACC0101,ACC0149,1109,2026-05-07 17:14:43.344704
ACC0062,ACC0025,903,2026-03-27 03:20:43.344704
ACC0056,ACC0189,4409,2026-04-05 05:29:43.344704
ACC0080,ACC0152,4364,2026-03-30 11:45:43.344704
ACC0111,ACC0056,4341,2026-04-06 06:10:43.344704
ACC0036,ACC0152,4711,2026-05-06 14:23:43.344704
ACC0194,ACC0102,25539,2026-04-22 05:22:43.344704
ACC0171,ACC0190,627,2026-03-27 16:22:43.344704
ACC0097,ACC0139,1123,2026-05-04 04:47:43.344704
ACC0055,ACC0076,3834,2026-03-25 03:55:43.344704
ACC0188,ACC0021,532,2026-04-27 13:44:43.344704
ACC0025,ACC0098,1276,2026-03-30 03:16:43.344704
ACC0171,ACC0014,500,2026-05-12 08:46:43.344704
ACC0029,ACC0004,2333,2026-04-20 00:43:43.344704
ACC0081,ACC0032,4800,2026-04-17 08:27:43.344704
ACC0082,ACC0026,2613,2026-04-10 14:26:43.344704
ACC0045,ACC0174,1873,2026-04-22 14:16:43.344704
ACC0068,ACC0197,1196,2026-04-09 16:56:43.344704
ACC0040,ACC0162,2051,2026-04-16 06:20:43.344704
ACC0020,ACC0164,2073,2026-04-06 01:44:43.344704
ACC0158,ACC0059,1654,2026-03-26 21:39:43.344704
ACC0025,ACC0040,1094,2026-03-30 05:53:43.344704
ACC0125,ACC0083,712,2026-03-28 04:07:43.344704
ACC0080,ACC0038,695,2026-05-11 00:00:43.344704
ACC0165,ACC0154,941,2026-04-18 00:47:43.344704
ACC0036,ACC0075,4539,2026-05-27 09:40:43.344704
ACC0191,ACC0167,958,2026-04-12 04:57:43.344704
ACC0194,ACC0165,28769,2026-05-14 04:12:43.344704
ACC0135,ACC0066,1888,2026-04-02 06:18:43.344704
ACC0013,ACC0145,4052,2026-05-22 14:33:43.344704
ACC0005,ACC0072,1130,2026-03-30 04:06:43.344704
ACC0082,ACC0042,2163,2026-04-15 00:49:43.344704
ACC0003,ACC0061,48005,2026-03-26 18:21:43.344704
ACC0024,ACC0057,2950,2026-05-11 19:52:43.344704
ACC0016,ACC0084,2168,2026-05-23 05:59:43.344704
ACC0118,ACC0147,2375,2026-05-15 04:57:43.344704
ACC0132,ACC0020,1908,2026-04-09 10:33:43.344704
ACC0087,ACC0143,4155,2026-05-05 01:02:43.344704
ACC0072,ACC0024,2551,2026-03-24 12:48:43.344704
ACC0149,ACC0024,1189,2026-03-23 02:56:43.344704
ACC0035,ACC0068,3775,2026-05-28 09:40:43.344704
ACC0199,ACC0184,4454,2026-03-28 13:57:43.346711
ACC0199,ACC0165,4298,2026-04-06 19:36:43.346711
ACC0165,ACC0059,4964,2026-03-23 10:27:43.346711
ACC0081,ACC0126,2960,2026-03-28 09:27:43.346711
ACC0146,ACC0095,3090,2026-05-24 02:50:43.346711
ACC0083,ACC0151,336,2026-05-20 20:47:43.346711
ACC0022,ACC0015,1244,2026-04-16 02:51:43.346711
ACC0199,ACC0025,3353,2026-05-28 22:10:43.346711
ACC0066,ACC0113,866,2026-03-30 07:22:43.346711
ACC0010,ACC0079,2765,2026-05-01 21:13:43.346711
ACC0073,ACC0012,3591,2026-05-29 02:39:43.346711
ACC0162,ACC0192,595,2026-05-22 06:57:43.346711
ACC0096,ACC0133,49140,2026-04-05 17:39:43.346711
ACC0112,ACC0065,4030,2026-05-07 08:32:43.346711
ACC0036,ACC0080,437,2026-03-27 19:32:43.346711
ACC0099,ACC0093,1917,2026-04-21 15:12:43.346711
ACC0135,ACC0019,2655,2026-03-31 05:42:43.346711
ACC0170,ACC0068,4515,2026-05-25 05:25:43.346711
ACC0057,ACC0027,3638,2026-04-25 09:26:43.346711
ACC0015,ACC0042,2082,2026-05-20 08:14:43.346711
ACC0196,ACC0015,3970,2026-04-30 15:05:43.346711
ACC0172,ACC0021,1098,2026-03-28 11:33:43.346711
ACC0047,ACC0060,4794,2026-04-22 20:54:43.346711
ACC0126,ACC0199,495,2026-03-27 11:22:43.346711
ACC0077,ACC0065,4610,2026-05-19 12:30:43.346711
ACC0036,ACC0056,1736,2026-04-03 12:23:43.346711
ACC0199,ACC0127,3790,2026-05-29 03:57:43.346711
ACC0128,ACC0083,3301,2026-04-24 12:21:43.346711
ACC0123,ACC0063,4466,2026-04-20 03:17:43.346711
ACC0194,ACC0059,34059,2026-04-21 13:55:43.346711
ACC0015,ACC0136,3337,2026-04-24 17:38:43.346711
ACC0121,ACC0072,158,2026-05-10 12:15:43.346711
ACC0174,ACC0042,3030,2026-05-16 17:50:43.346711
ACC0198,ACC0062,3071,2026-05-24 19:13:43.346711
ACC0078,ACC0020,19017,2026-05-25 18:38:43.346711
ACC0143,ACC0040,3819,2026-04-09 08:28:43.346711
ACC0121,ACC0088,1262,2026-04-08 01:24:43.346711
ACC0000,ACC0065,3445,2026-05-20 21:15:43.346711
ACC0059,ACC0004,661,2026-05-17 09:47:43.346711
ACC0148,ACC0003,1837,2026-04-09 17:20:43.346711
ACC0029,ACC0153,3654,2026-04-07 05:34:43.346711
ACC0010,ACC0033,1826,2026-05-12 10:53:43.346711
ACC0155,ACC0115,3631,2026-04-29 11:55:43.346711
ACC0030,ACC0112,174,2026-05-31 08:18:43.346711
ACC0112,ACC0083,120,2026-03-24 08:47:43.346711
ACC0065,ACC0088,3342,2026-04-21 00:10:43.346711
ACC0008,ACC0012,4755,2026-04-03 21:23:43.346711
ACC0108,ACC0078,3871,2026-04-10 02:13:43.346711
ACC0184,ACC0086,1274,2026-03-23 11:24:43.346711
ACC0195,ACC0125,1192,2026-03-28 14:09:43.346711
ACC0048,ACC0033,620,2026-05-09 01:36:43.346711
ACC0102,ACC0192,4566,2026-03-31 19:34:43.346711
ACC0061,ACC0119,4296,2026-05-11 04:20:43.346711
ACC0093,ACC0135,342,2026-04-25 11:20:43.346711
ACC0006,ACC0028,25991,2026-05-12 11:20:43.346711
ACC0158,ACC0140,2702,2026-05-12 21:43:43.346711
ACC0046,ACC0047,1641,2026-05-29 15:07:43.346711
ACC0192,ACC0150,2214,2026-05-11 05:09:43.346711
ACC0070,ACC0098,3183,2026-05-31 00:23:43.346711
ACC0120,ACC0193,1522,2026-03-29 16:34:43.346711
ACC0111,ACC0151,3072,2026-05-18 20:56:43.346711
ACC0046,ACC0092,2794,2026-05-18 14:19:43.346711
ACC0105,ACC0195,4849,2026-05-04 05:33:43.346711
ACC0081,ACC0104,1281,2026-05-02 02:33:43.346711
ACC0019,ACC0001,3153,2026-03-24 18:27:43.346711
ACC0037,ACC0105,3433,2026-04-08 08:01:43.346711
ACC0117,ACC0006,328,2026-04-01 21:53:43.346711
ACC0033,ACC0048,1993,2026-05-30 15:19:43.346711
ACC0108,ACC0021,1170,2026-04-09 16:10:43.346711
ACC0049,ACC0162,1838,2026-05-29 06:27:43.346711
ACC0179,ACC0136,857,2026-05-06 15:29:43.346711
ACC0046,ACC0101,420,2026-05-18 13:27:43.346711
ACC0148,ACC0097,655,2026-05-16 17:49:43.346711
ACC0196,ACC0093,1486,2026-04-24 02:37:43.346711
ACC0023,ACC0013,49007,2026-05-24 04:13:43.346711
ACC0115,ACC0160,11854,2026-04-20 09:18:43.346711
ACC0163,ACC0000,4941,2026-05-12 23:33:43.346711
ACC0155,ACC0012,3967,2026-04-08 15:58:43.346711
ACC0042,ACC0119,3893,2026-05-26 10:19:43.346711
ACC0043,ACC0064,2613,2026-05-17 12:45:43.346711
ACC0077,ACC0159,2427,2026-03-24 13:05:43.346711
ACC0103,ACC0122,717,2026-04-03 03:47:43.346711
ACC0064,ACC0055,3408,2026-05-04 07:32:43.346711
ACC0109,ACC0179,1092,2026-05-05 00:40:43.346711
ACC0088,ACC0009,1477,2026-05-28 12:11:43.346711
ACC0024,ACC0013,3274,2026-05-10 04:10:43.346711
ACC0191,ACC0006,4882,2026-03-29 01:35:43.346711
ACC0189,ACC0004,4933,2026-05-18 00:50:43.346711
ACC0119,ACC0147,2786,2026-04-13 23:13:43.346711
ACC0171,ACC0105,2623,2026-04-19 05:46:43.346711
ACC0126,ACC0140,1585,2026-04-08 21:24:43.346711
ACC0142,ACC0094,20089,2026-05-28 08:51:43.346711
ACC0129,ACC0012,3815,2026-05-27 15:43:43.346711
ACC0020,ACC0026,2101,2026-04-26 10:53:43.346711
ACC0008,ACC0125,3283,2026-05-15 14:56:43.346711
ACC0118,ACC0002,1130,2026-03-23 10:28:43.346711
ACC0014,ACC0092,3906,2026-04-20 01:14:43.346711
ACC0172,ACC0064,4445,2026-05-15 23:33:43.346711
ACC0078,ACC0033,47578,2026-04-09 11:21:43.346711
ACC0018,ACC0162,971,2026-05-30 23:18:43.346711
ACC0015,ACC0120,2922,2026-05-29 20:59:43.346711
ACC0077,ACC0029,1413,2026-05-30 02:07:43.346711
ACC0005,ACC0170,2668,2026-04-20 23:44:43.346711
ACC0133,ACC0126,2320,2026-03-23 17:36:43.346711
ACC0192,ACC0033,3210,2026-04-20 18:49:43.346711
ACC0157,ACC0009,1314,2026-04-01 14:13:43.346711
ACC0162,ACC0055,383,2026-05-08 15:32:43.346711
ACC0106,ACC0043,1758,2026-04-07 12:26:43.346711
ACC0162,ACC0126,4947,2026-05-16 01:31:43.346711
ACC0003,ACC0168,10141,2026-05-21 23:35:43.346711
ACC0148,ACC0024,4965,2026-04-28 08:13:43.346711
ACC0194,ACC0012,33469,2026-05-28 21:07:43.346711
ACC0063,ACC0035,3790,2026-05-15 09:02:43.346711
ACC0171,ACC0157,3392,2026-03-24 00:30:43.346711
ACC0014,ACC0104,3393,2026-04-21 21:43:43.346711
ACC0034,ACC0160,21608,2026-04-15 12:39:43.346711
ACC0198,ACC0124,335,2026-04-07 09:06:43.346711
ACC0186,ACC0024,811,2026-03-31 12:04:43.346711
ACC0067,ACC0007,1988,2026-03-26 16:42:43.346711
ACC0137,ACC0176,1359,2026-05-16 12:42:43.346711
ACC0026,ACC0055,848,2026-05-23 02:14:43.346711
ACC0146,ACC0089,3651,2026-04-28 17:34:43.346711
ACC0188,ACC0081,609,2026-04-14 18:33:43.346711
ACC0085,ACC0058,4980,2026-04-08 07:23:43.346711
ACC0157,ACC0017,4332,2026-04-14 19:19:43.346711
ACC0038,ACC0157,1322,2026-05-14 20:58:43.346711
ACC0038,ACC0101,3767,2026-05-18 22:31:43.346711
ACC0098,ACC0029,1404,2026-05-26 08:22:43.346711
ACC0012,ACC0170,4959,2026-05-14 12:50:43.346711
ACC0037,ACC0141,3089,2026-05-03 00:01:43.346711
ACC0030,ACC0091,1425,2026-04-20 19:47:43.346711
ACC0184,ACC0034,3822,2026-04-20 12:57:43.346711
ACC0110,ACC0016,906,2026-05-11 11:26:43.346711
ACC0003,ACC0009,40490,2026-04-12 19:20:43.346711
ACC0193,ACC0153,1425,2026-05-05 22:11:43.346711
ACC0136,ACC0087,1259,2026-04-25 10:11:43.346711
ACC0045,ACC0030,4616,2026-05-30 16:30:43.346711
ACC0157,ACC0099,447,2026-05-30 06:41:43.346711
ACC0018,ACC0107,1669,2026-05-11 18:01:43.346711
ACC0160,ACC0017,12246,2026-03-25 04:29:43.346711
ACC0004,ACC0144,2018,2026-04-22 23:04:43.346711
ACC0095,ACC0109,3332,2026-04-25 18:45:43.346711
ACC0085,ACC0000,1497,2026-04-08 10:04:43.346711
ACC0167,ACC0062,1924,2026-05-24 03:09:43.346711
ACC0075,ACC0187,4160,2026-05-08 12:20:43.346711
ACC0119,ACC0087,1821,2026-04-16 20:52:43.346711
ACC0025,ACC0142,2925,2026-05-06 02:59:43.346711
ACC0119,ACC0142,4310,2026-04-08 03:12:43.346711
ACC0159,ACC0087,164,2026-05-24 23:01:43.346711
ACC0047,ACC0162,1515,2026-04-30 14:39:43.346711
ACC0198,ACC0186,1068,2026-05-31 07:04:43.346711
ACC0195,ACC0173,332,2026-05-07 05:42:43.346711
ACC0162,ACC0113,3183,2026-05-13 20:16:43.346711
ACC0091,ACC0082,788,2026-05-10 01:36:43.346711
ACC0129,ACC0157,1569,2026-05-05 12:19:43.346711
ACC0112,ACC0054,4359,2026-05-06 06:42:43.346711
ACC0155,ACC0199,2200,2026-03-28 09:35:43.346711
ACC0059,ACC0195,3889,2026-05-19 14:25:43.346711
ACC0131,ACC0129,3531,2026-05-15 15:20:43.346711
ACC0084,ACC0171,4251,2026-04-05 11:01:43.346711
ACC0195,ACC0098,897,2026-03-23 17:49:43.346711
ACC0045,ACC0087,2950,2026-05-18 03:56:43.346711
ACC0173,ACC0049,1993,2026-05-06 18:42:43.346711
ACC0192,ACC0183,4903,2026-03-24 10:13:43.346711
ACC0059,ACC0101,3818,2026-04-16 00:35:43.346711
ACC0038,ACC0176,1600,2026-04-05 01:37:43.346711
ACC0153,ACC0179,1860,2026-05-29 00:31:43.346711
ACC0137,ACC0009,291,2026-05-22 07:26:43.346711
ACC0104,ACC0082,13587,2026-04-22 10:26:43.346711
ACC0189,ACC0174,4762,2026-05-12 15:55:43.346711
ACC0034,ACC0113,25719,2026-03-29 21:51:43.346711
ACC0095,ACC0118,2379,2026-05-14 04:00:43.346711
ACC0051,ACC0032,17641,2026-05-02 09:48:43.346711
ACC0160,ACC0149,35028,2026-04-23 14:26:43.346711
ACC0191,ACC0152,444,2026-04-22 03:25:43.346711
ACC0073,ACC0012,4852,2026-05-27 04:39:43.346711
ACC0171,ACC0031,2562,2026-03-29 04:44:43.346711
ACC0100,ACC0080,725,2026-03-26 22:21:43.346711
ACC0074,ACC0140,2079,2026-04-01 21:18:43.346711
ACC0144,ACC0058,1778,2026-05-19 15:45:43.346711
ACC0112,ACC0024,562,2026-04-03 13:44:43.346711
ACC0032,ACC0127,3447,2026-04-29 01:51:43.346711
ACC0087,ACC0178,1836,2026-05-22 06:58:43.346711
ACC0183,ACC0033,33615,2026-05-26 01:29:43.346711
ACC0004,ACC0189,4051,2026-05-20 16:43:43.346711
ACC0168,ACC0039,764,2026-04-03 17:16:43.346711
ACC0103,ACC0070,1114,2026-05-13 00:04:43.346711
ACC0110,ACC0020,2768,2026-05-19 10:34:43.346711
ACC0181,ACC0078,1864,2026-04-11 20:47:43.346711
ACC0155,ACC0135,4558,2026-04-19 17:39:43.346711
ACC0129,ACC0047,1512,2026-03-23 19:41:43.346711
ACC0133,ACC0082,3470,2026-05-04 15:28:43.346711
ACC0110,ACC0135,1494,2026-04-21 15:50:43.346711
ACC0137,ACC0155,4170,2026-05-29 00:22:43.346711
ACC0054,ACC0131,4257,2026-03-29 04:28:43.346711
ACC0175,ACC0018,1802,2026-04-24 21:40:43.346711
ACC0047,ACC0128,3290,2026-04-28 03:19:43.346711
ACC0048,ACC0166,697,2026-05-09 05:47:43.346711
ACC0153,ACC0117,491,2026-05-19 10:13:43.346711
ACC0082,ACC0101,2750,2026-04-28 20:27:43.346711
ACC0106,ACC0037,2484,2026-04-26 20:31:43.346711
ACC0190,ACC0086,3409,2026-03-31 20:11:43.346711
ACC0061,ACC0112,3838,2026-05-26 18:17:43.346711
ACC0056,ACC0182,1259,2026-03-30 09:38:43.346711
ACC0167,ACC0081,1631,2026-04-12 05:35:43.346711
ACC0017,ACC0003,28932,2026-05-16 17:12:43.346711
ACC0052,ACC0125,2782,2026-03-29 19:07:43.346711
ACC0060,ACC0071,3648,2026-05-04 12:21:43.346711
ACC0020,ACC0061,1331,2026-04-05 00:06:43.346711
ACC0031,ACC0111,23807,2026-05-23 09:05:43.346711
ACC0097,ACC0103,4361,2026-05-13 09:23:43.346711
ACC0026,ACC0066,3008,2026-04-12 18:24:43.346711
ACC0187,ACC0164,1725,2026-04-02 05:17:43.346711
ACC0024,ACC0072,3503,2026-05-16 23:30:43.346711
ACC0170,ACC0071,4780,2026-05-24 12:02:43.346711
ACC0065,ACC0092,4109,2026-04-28 22:56:43.346711
ACC0077,ACC0191,3274,2026-05-25 13:59:43.346711
ACC0181,ACC0080,1074,2026-04-04 12:09:43.346711
ACC0063,ACC0143,4713,2026-03-29 19:25:43.346711
ACC0138,ACC0182,3598,2026-05-17 05:57:43.346711
ACC0007,ACC0096,3334,2026-04-27 06:15:43.346711
ACC0165,ACC0010,2377,2026-04-10 08:33:43.346711
ACC0125,ACC0115,4377,2026-04-26 11:39:43.346711
ACC0117,ACC0182,4136,2026-05-06 04:57:43.346711
ACC0175,ACC0058,4028,2026-05-10 03:37:43.346711
ACC0186,ACC0137,2903,2026-04-20 22:59:43.346711
ACC0147,ACC0096,2126,2026-05-08 12:31:43.346711
ACC0049,ACC0011,943,2026-05-24 19:16:43.346711
ACC0034,ACC0199,46563,2026-05-08 09:23:43.346711
ACC0025,ACC0079,2039,2026-05-31 11:00:43.346711
ACC0183,ACC0084,8385,2026-05-06 04:14:43.346711
ACC0091,ACC0195,2368,2026-03-23 14:33:43.346711
ACC0134,ACC0091,1913,2026-04-30 20:09:43.346711
ACC0142,ACC0162,31119,2026-04-14 01:41:43.346711
ACC0058,ACC0138,7738,2026-05-28 16:18:43.346711
ACC0073,ACC0136,1416,2026-05-04 01:11:43.346711
ACC0173,ACC0065,261,2026-05-20 15:42:43.346711
ACC0005,ACC0171,2009,2026-03-29 04:33:43.346711
ACC0134,ACC0198,3970,2026-04-09 04:46:43.346711
ACC0159,ACC0198,3225,2026-05-07 10:21:43.346711
ACC0070,ACC0084,2389,2026-03-23 14:42:43.346711
ACC0132,ACC0143,989,2026-04-17 09:12:43.346711
ACC0086,ACC0158,3161,2026-04-11 13:15:43.346711
ACC0169,ACC0143,43934,2026-05-11 23:07:43.346711
ACC0022,ACC0090,3289,2026-04-27 10:40:43.346711
ACC0051,ACC0110,15940,2026-04-20 13:42:43.346711
ACC0197,ACC0170,16258,2026-05-14 13:07:43.346711
ACC0101,ACC0048,1541,2026-05-30 19:25:43.346711
ACC0165,ACC0005,4323,2026-04-18 18:35:43.346711
ACC0078,ACC0127,14018,2026-04-27 20:31:43.346711
ACC0105,ACC0128,4707,2026-05-28 18:47:43.346711
ACC0107,ACC0088,48052,2026-05-17 23:09:43.346711
ACC0156,ACC0062,4638,2026-04-19 00:27:43.346711
ACC0165,ACC0052,2462,2026-05-18 15:04:43.346711
ACC0147,ACC0165,1826,2026-03-28 13:54:43.346711
ACC0131,ACC0000,366,2026-05-19 14:11:43.346711
ACC0190,ACC0150,4684,2026-04-04 04:26:43.346711
ACC0165,ACC0021,3461,2026-04-18 04:37:43.346711
ACC0040,ACC0166,456,2026-05-02 12:01:43.346711
ACC0182,ACC0108,47933,2026-04-28 16:45:43.346711
ACC0053,ACC0018,4747,2026-04-01 14:14:43.346711
ACC0036,ACC0137,2741,2026-04-08 19:16:43.346711
ACC0063,ACC0190,3491,2026-05-11 13:58:43.346711
ACC0045,ACC0069,2450,2026-04-13 00:19:43.346711
ACC0026,ACC0107,4979,2026-04-27 23:05:43.346711
ACC0085,ACC0151,2839,2026-05-22 08:41:43.346711
ACC0186,ACC0140,2830,2026-05-02 00:57:43.346711
ACC0193,ACC0083,4884,2026-05-08 21:28:43.346711
ACC0184,ACC0072,2543,2026-05-24 15:08:43.346711
ACC0139,ACC0120,3309,2026-03-26 13:06:43.346711
ACC0000,ACC0032,977,2026-04-02 16:02:43.346711
ACC0133,ACC0053,3300,2026-05-22 23:36:43.346711
ACC0151,ACC0079,16939,2026-05-12 12:20:43.348717
ACC0049,ACC0186,392,2026-04-09 04:53:43.348717
ACC0032,ACC0000,4731,2026-04-18 16:02:43.348717
ACC0191,ACC0090,636,2026-03-25 18:58:43.348717
ACC0045,ACC0113,2786,2026-03-24 02:55:43.348717
ACC0155,ACC0030,2752,2026-05-21 12:43:43.348717
ACC0133,ACC0077,2474,2026-04-14 11:04:43.348717
ACC0062,ACC0113,1066,2026-04-24 17:37:43.348717
ACC0122,ACC0181,3500,2026-04-05 08:45:43.348717
ACC0030,ACC0177,134,2026-05-05 15:22:43.348717
ACC0097,ACC0004,3623,2026-04-03 10:29:43.348717
ACC0182,ACC0196,8291,2026-05-07 01:36:43.348717
ACC0183,ACC0017,15892,2026-03-23 04:50:43.348717
ACC0026,ACC0000,4790,2026-05-04 13:03:43.348717
ACC0083,ACC0016,2376,2026-05-05 17:05:43.348717
ACC0024,ACC0030,1203,2026-03-28 23:41:43.348717
ACC0112,ACC0052,1578,2026-03-26 07:53:43.348717
ACC0143,ACC0188,3056,2026-04-22 01:30:43.348717
ACC0064,ACC0067,1482,2026-04-08 13:30:43.348717
ACC0109,ACC0122,3484,2026-03-25 15:42:43.348717
ACC0133,ACC0049,1669,2026-04-09 00:50:43.348717
ACC0144,ACC0178,2343,2026-05-13 04:30:43.348717
ACC0119,ACC0041,128,2026-05-13 18:36:43.348717
ACC0064,ACC0133,2163,2026-05-02 02:26:43.348717
ACC0092,ACC0107,3764,2026-05-20 14:28:43.348717
ACC0068,ACC0081,3087,2026-03-31 15:57:43.348717
ACC0127,ACC0137,3702,2026-05-28 00:50:43.348717
ACC0115,ACC0085,49645,2026-05-26 12:28:43.348717
ACC0052,ACC0195,3468,2026-04-02 04:11:43.348717
ACC0008,ACC0096,2862,2026-04-16 18:41:43.348717
ACC0041,ACC0062,4137,2026-05-19 18:36:43.348717
ACC0089,ACC0040,4188,2026-03-23 20:34:43.348717
ACC0168,ACC0005,4150,2026-05-19 22:43:43.348717
ACC0000,ACC0054,3840,2026-05-20 23:42:43.348717
ACC0098,ACC0023,458,2026-05-04 16:38:43.348717
ACC0119,ACC0044,2471,2026-05-19 05:39:43.348717
ACC0161,ACC0106,3796,2026-04-24 11:00:43.348717
ACC0117,ACC0121,1696,2026-04-20 14:21:43.348717
ACC0036,ACC0027,2602,2026-04-16 01:52:43.348717
ACC0044,ACC0027,3908,2026-05-02 23:20:43.348717
ACC0032,ACC0098,2774,2026-04-01 23:47:43.348717
ACC0137,ACC0107,2677,2026-04-28 02:55:43.348717
ACC0022,ACC0142,191,2026-04-29 07:40:43.348717
ACC0125,ACC0130,3016,2026-03-26 21:25:43.348717
ACC0044,ACC0149,1175,2026-05-09 00:22:43.348717
ACC0192,ACC0054,2613,2026-04-10 08:48:43.348717
ACC0093,ACC0135,898,2026-04-18 13:18:43.348717
ACC0168,ACC0002,4049,2026-04-04 05:48:43.348717
ACC0056,ACC0120,3079,2026-05-15 05:08:43.348717
ACC0000,ACC0101,697,2026-04-20 15:56:43.348717
ACC0013,ACC0046,613,2026-05-27 15:30:43.348717
ACC0047,ACC0067,1977,2026-03-27 07:17:43.348717
ACC0123,ACC0185,1799,2026-03-29 06:11:43.348717
ACC0133,ACC0019,4695,2026-03-31 15:32:43.348717
ACC0163,ACC0153,816,2026-04-06 11:00:43.348717
ACC0047,ACC0195,4186,2026-03-25 06:56:43.348717
ACC0168,ACC0080,765,2026-05-08 20:18:43.348717
ACC0038,ACC0017,2308,2026-04-05 21:31:43.348717
ACC0188,ACC0083,1179,2026-05-25 16:53:43.348717
ACC0115,ACC0156,38837,2026-04-12 09:13:43.348717
ACC0140,ACC0051,4827,2026-03-23 08:05:43.348717
ACC0068,ACC0031,4608,2026-05-07 13:49:43.348717
ACC0046,ACC0042,619,2026-04-23 14:57:43.348717
ACC0127,ACC0061,3644,2026-05-24 05:58:43.348717
ACC0025,ACC0103,1202,2026-04-15 14:59:43.348717
ACC0023,ACC0154,24657,2026-05-27 04:56:43.348717
ACC0025,ACC0191,2288,2026-04-16 13:12:43.348717
ACC0052,ACC0028,4925,2026-05-02 16:44:43.348717
ACC0197,ACC0057,11554,2026-04-07 05:52:43.348717
ACC0119,ACC0142,1507,2026-03-30 02:30:43.348717
ACC0013,ACC0117,4946,2026-05-13 08:27:43.348717
ACC0017,ACC0048,30570,2026-05-10 12:57:43.348717
ACC0046,ACC0094,4898,2026-05-04 04:59:43.348717
ACC0118,ACC0017,2159,2026-04-18 01:33:43.348717
ACC0044,ACC0104,4672,2026-04-15 18:16:43.348717
ACC0184,ACC0015,2955,2026-05-24 07:36:43.348717
ACC0077,ACC0023,3512,2026-04-04 14:56:43.348717
ACC0089,ACC0090,1975,2026-05-05 19:26:43.348717
ACC0010,ACC0091,3868,2026-05-27 13:20:43.348717
ACC0038,ACC0062,4933,2026-04-07 08:47:43.348717
ACC0148,ACC0028,1453,2026-05-12 19:26:43.348717
ACC0178,ACC0036,4411,2026-04-28 03:57:43.348717
ACC0044,ACC0188,2702,2026-04-14 00:02:43.348717
ACC0081,ACC0034,122,2026-04-08 19:42:43.348717
ACC0099,ACC0071,1309,2026-05-12 21:20:43.348717
ACC0197,ACC0178,46708,2026-05-17 02:32:43.348717
ACC0137,ACC0199,2537,2026-05-05 05:23:43.348717
ACC0117,ACC0078,3771,2026-03-27 09:04:43.348717
ACC0151,ACC0049,45060,2026-05-20 19:54:43.348717
ACC0165,ACC0115,4139,2026-05-18 17:10:43.348717
ACC0057,ACC0177,3017,2026-04-23 21:39:43.348717
ACC0041,ACC0141,4934,2026-04-02 09:28:43.348717
ACC0093,ACC0167,401,2026-04-11 09:25:43.348717
ACC0183,ACC0147,7763,2026-05-17 09:23:43.348717
ACC0120,ACC0137,3341,2026-05-06 16:07:43.348717
ACC0156,ACC0068,650,2026-05-27 16:18:43.348717
ACC0131,ACC0089,1687,2026-05-01 20:10:43.348717
ACC0070,ACC0184,3317,2026-04-07 22:08:43.348717
ACC0100,ACC0076,4509,2026-04-12 00:33:43.348717
ACC0103,ACC0068,812,2026-05-12 23:21:43.348717
ACC0058,ACC0167,43174,2026-04-22 06:20:43.348717
ACC0042,ACC0052,4172,2026-05-23 04:31:43.348717
ACC0057,ACC0058,2533,2026-05-06 12:03:43.348717
ACC0088,ACC0145,370,2026-05-13 05:42:43.348717
ACC0157,ACC0045,2562,2026-05-23 12:06:43.348717
ACC0125,ACC0028,1179,2026-05-27 20:30:43.348717
ACC0060,ACC0106,4823,2026-03-29 13:17:43.348717
ACC0145,ACC0058,1685,2026-05-23 17:43:43.348717
ACC0109,ACC0007,4085,2026-05-22 14:31:43.348717
ACC0106,ACC0122,1495,2026-03-27 09:52:43.348717
ACC0198,ACC0001,699,2026-03-31 12:01:43.348717
ACC0069,ACC0070,1166,2026-05-26 02:39:43.348717
ACC0090,ACC0058,2986,2026-04-28 21:39:43.348717
ACC0023,ACC0081,20754,2026-04-07 07:19:43.348717
ACC0161,ACC0049,4964,2026-05-07 01:10:43.348717
ACC0070,ACC0067,4069,2026-03-24 21:25:43.348717
ACC0156,ACC0013,4666,2026-05-30 00:36:43.348717
ACC0154,ACC0160,4283,2026-03-25 10:21:43.348717
ACC0150,ACC0062,889,2026-04-02 05:57:43.348717
ACC0118,ACC0051,3253,2026-05-07 21:15:43.348717
ACC0087,ACC0175,964,2026-05-23 04:17:43.348717
ACC0176,ACC0000,3463,2026-04-30 15:48:43.348717
ACC0067,ACC0134,3886,2026-03-29 22:57:43.348717
ACC0077,ACC0076,3103,2026-04-21 12:18:43.348717
ACC0110,ACC0142,1331,2026-05-11 03:35:43.348717
ACC0034,ACC0019,35031,2026-04-27 02:59:43.348717
ACC0148,ACC0059,1873,2026-05-23 09:12:43.348717
ACC0096,ACC0094,38714,2026-05-13 15:50:43.348717
ACC0129,ACC0199,1934,2026-05-07 17:00:43.348717
ACC0090,ACC0180,2047,2026-03-23 09:00:43.348717
ACC0179,ACC0005,3086,2026-04-23 03:49:43.348717
ACC0111,ACC0001,1261,2026-05-29 06:54:43.348717
ACC0022,ACC0107,4911,2026-05-15 14:34:43.348717
ACC0188,ACC0010,4033,2026-05-20 14:17:43.348717
ACC0165,ACC0127,2947,2026-03-26 19:59:43.348717
ACC0166,ACC0047,1539,2026-05-15 21:19:43.348717
ACC0089,ACC0044,3542,2026-04-24 07:20:43.348717
ACC0030,ACC0013,155,2026-03-30 22:55:43.348717
ACC0161,ACC0162,205,2026-04-05 11:52:43.348717
ACC0153,ACC0104,769,2026-04-07 05:53:43.348717
ACC0113,ACC0143,842,2026-05-08 02:58:43.348717
ACC0140,ACC0060,407,2026-05-18 16:30:43.348717
ACC0030,ACC0136,3564,2026-05-20 12:19:43.348717
ACC0092,ACC0180,4997,2026-05-20 02:19:43.348717
ACC0159,ACC0010,3732,2026-03-25 23:20:43.348717
ACC0084,ACC0024,4535,2026-05-04 20:20:43.348717
ACC0017,ACC0148,18266,2026-04-18 18:25:43.348717
ACC0100,ACC0032,656,2026-05-14 21:09:43.348717
ACC0071,ACC0095,204,2026-05-07 08:57:43.348717
ACC0028,ACC0072,245,2026-04-19 19:25:43.348717
ACC0039,ACC0174,973,2026-05-19 23:10:43.348717
ACC0183,ACC0044,24622,2026-05-10 10:24:43.348717
ACC0141,ACC0106,745,2026-04-16 23:02:43.348717
ACC0064,ACC0033,4833,2026-04-11 14:34:43.348717
ACC0186,ACC0169,3178,2026-05-18 10:17:43.348717
ACC0103,ACC0086,883,2026-04-01 04:40:43.348717
ACC0065,ACC0172,470,2026-05-31 05:06:43.348717
ACC0150,ACC0067,2137,2026-05-29 07:56:43.348717
ACC0132,ACC0004,1460,2026-03-26 14:55:43.348717
ACC0011,ACC0029,2361,2026-04-08 12:43:43.348717
ACC0131,ACC0030,1056,2026-05-25 14:20:43.348717
ACC0114,ACC0194,3749,2026-04-29 16:59:43.348717
ACC0111,ACC0161,338,2026-05-09 03:17:43.348717
ACC0033,ACC0133,1205,2026-04-19 22:56:43.348717
ACC0029,ACC0149,2349,2026-03-25 01:37:43.348717
ACC0030,ACC0186,1627,2026-05-19 00:21:43.348717
ACC0083,ACC0016,4232,2026-04-07 19:12:43.348717
ACC0000,ACC0119,2096,2026-04-15 01:11:43.348717
ACC0134,ACC0043,2912,2026-04-21 20:17:43.348717
ACC0172,ACC0197,3347,2026-05-18 08:56:43.348717
ACC0143,ACC0004,1590,2026-04-22 01:26:43.348717
ACC0121,ACC0034,3164,2026-04-28 20:34:43.348717
ACC0184,ACC0098,932,2026-05-20 20:31:43.348717
ACC0098,ACC0016,4792,2026-04-02 23:12:43.348717
ACC0193,ACC0122,4895,2026-05-07 15:38:43.348717
ACC0129,ACC0058,540,2026-04-11 21:40:43.348717
ACC0115,ACC0147,18928,2026-04-09 06:55:43.348717
ACC0137,ACC0004,3065,2026-05-07 03:37:43.348717
ACC0132,ACC0075,3386,2026-05-27 22:42:43.348717
ACC0069,ACC0039,4763,2026-05-28 13:01:43.348717
ACC0199,ACC0173,1404,2026-04-25 07:26:43.348717
ACC0108,ACC0122,3788,2026-05-11 17:23:43.348717
ACC0030,ACC0050,1285,2026-05-29 06:50:43.348717
ACC0098,ACC0158,2207,2026-04-11 03:40:43.348717
ACC0092,ACC0105,1940,2026-04-24 10:00:43.348717
ACC0030,ACC0172,2847,2026-05-28 07:15:43.348717
ACC0122,ACC0013,4364,2026-04-26 09:35:43.348717
ACC0183,ACC0172,25493,2026-05-18 15:17:43.348717
ACC0069,ACC0183,2904,2026-04-28 23:06:43.348717
ACC0092,ACC0051,1643,2026-05-07 14:55:43.348717
ACC0147,ACC0053,1671,2026-04-10 16:09:43.348717
ACC0180,ACC0022,4641,2026-04-29 18:21:43.348717
ACC0151,ACC0110,32599,2026-04-15 11:18:43.348717
ACC0151,ACC0116,42289,2026-05-08 00:20:43.348717
ACC0032,ACC0083,1229,2026-05-07 14:42:43.348717
ACC0072,ACC0070,2101,2026-05-15 08:56:43.348717
ACC0136,ACC0194,3978,2026-04-18 16:36:43.348717
ACC0028,ACC0108,1906,2026-04-08 07:17:43.348717
ACC0034,ACC0121,37060,2026-05-15 23:33:43.348717
ACC0084,ACC0164,3309,2026-04-05 03:14:43.348717
ACC0157,ACC0121,2252,2026-03-26 17:59:43.348717
ACC0075,ACC0181,4305,2026-04-21 08:24:43.348717
ACC0195,ACC0047,2501,2026-04-18 08:50:43.348717
ACC0114,ACC0167,2464,2026-05-02 05:03:43.348717
ACC0134,ACC0032,3865,2026-04-09 01:09:43.348717
ACC0082,ACC0132,4528,2026-04-06 10:32:43.348717
ACC0048,ACC0096,4787,2026-03-23 21:49:43.348717
ACC0189,ACC0083,2882,2026-05-04 21:29:43.348717
ACC0113,ACC0150,2768,2026-03-26 16:46:43.348717
ACC0029,ACC0199,4037,2026-05-29 11:56:43.348717
ACC0164,ACC0178,3822,2026-04-22 22:20:43.348717
ACC0172,ACC0128,2270,2026-05-06 10:33:43.348717
ACC0168,ACC0054,1716,2026-05-21 23:06:43.348717
ACC0168,ACC0059,4717,2026-04-05 17:21:43.348717
ACC0174,ACC0087,1016,2026-03-26 15:08:43.348717
ACC0019,ACC0104,2856,2026-05-26 18:59:43.348717
ACC0112,ACC0174,2036,2026-03-27 03:58:43.348717
ACC0087,ACC0035,3191,2026-04-29 20:57:43.348717
ACC0143,ACC0083,1068,2026-04-10 23:19:43.348717
ACC0162,ACC0069,3464,2026-05-29 07:49:43.348717
ACC0172,ACC0069,989,2026-05-13 22:24:43.348717
ACC0070,ACC0117,3558,2026-05-10 00:48:43.348717
ACC0052,ACC0130,1081,2026-04-10 21:54:43.348717
ACC0171,ACC0036,3631,2026-05-30 23:51:43.348717
ACC0178,ACC0129,142,2026-04-28 05:47:43.348717
ACC0025,ACC0119,3449,2026-05-24 15:03:43.348717
ACC0069,ACC0172,3301,2026-04-04 10:03:43.348717
ACC0111,ACC0178,1667,2026-05-13 16:47:43.348717
ACC0157,ACC0047,3059,2026-05-11 20:29:43.348717
ACC0020,ACC0081,1880,2026-05-08 09:21:43.348717
ACC0011,ACC0172,4627,2026-05-06 10:47:43.348717
ACC0122,ACC0058,3501,2026-04-29 07:48:43.348717
ACC0054,ACC0145,3285,2026-04-23 17:55:43.348717
ACC0087,ACC0170,1262,2026-05-26 20:20:43.348717
ACC0017,ACC0011,29874,2026-05-17 20:21:43.348717
ACC0041,ACC0100,2039,2026-04-15 11:48:43.348717
ACC0046,ACC0099,2989,2026-05-24 21:43:43.348717
ACC0027,ACC0166,2049,2026-04-02 09:20:43.348717
ACC0167,ACC0172,977,2026-04-01 00:38:43.348717
ACC0154,ACC0018,3842,2026-03-30 20:50:43.348717
ACC0006,ACC0145,12612,2026-04-25 16:28:43.348717
ACC0101,ACC0060,2855,2026-04-22 17:35:43.348717
ACC0052,ACC0086,2003,2026-03-29 00:18:43.348717
ACC0070,ACC0075,4340,2026-05-18 13:26:43.348717
ACC0071,ACC0145,2656,2026-03-25 04:24:43.348717
ACC0017,ACC0184,39629,2026-04-28 23:22:43.348717
ACC0010,ACC0102,1966,2026-05-17 08:41:43.348717
ACC0184,ACC0143,3275,2026-05-05 03:37:43.348717
ACC0024,ACC0196,1834,2026-05-09 18:07:43.348717
ACC0092,ACC0190,4763,2026-05-04 16:35:43.348717
ACC0171,ACC0020,3516,2026-05-22 15:34:43.348717
ACC0082,ACC0143,780,2026-05-03 03:01:43.348717
ACC0052,ACC0148,2170,2026-04-06 18:18:43.348717
ACC0124,ACC0143,4924,2026-05-24 15:51:43.348717
ACC0060,ACC0097,2291,2026-05-09 02:24:43.348717
ACC0196,ACC0091,767,2026-03-30 09:26:43.348717
ACC0007,ACC0193,780,2026-04-02 16:26:43.348717
ACC0049,ACC0054,2232,2026-05-18 11:05:43.348717
ACC0178,ACC0045,2629,2026-05-28 03:10:43.348717
ACC0177,ACC0067,4492,2026-04-25 04:57:43.348717
ACC0180,ACC0001,4133,2026-05-22 03:31:43.348717
ACC0180,ACC0184,3267,2026-05-18 02:11:43.348717
ACC0170,ACC0193,3327,2026-05-15 14:44:43.348717
ACC0141,ACC0134,2252,2026-04-20 12:40:43.348717
ACC0179,ACC0012,2124,2026-04-04 10:23:43.348717
ACC0011,ACC0097,2586,2026-04-15 05:41:43.348717
ACC0164,ACC0100,1990,2026-04-03 03:27:43.348717
ACC0178,ACC0023,2417,2026-04-12 22:05:43.348717
ACC0137,ACC0036,2611,2026-05-14 17:26:43.348717
ACC0187,ACC0189,549,2026-04-27 22:52:43.348717
ACC0097,ACC0075,1393,2026-05-07 01:59:43.348717
ACC0022,ACC0065,3202,2026-05-13 04:47:43.350724
ACC0066,ACC0037,3275,2026-03-27 18:01:43.350724
ACC0115,ACC0135,14425,2026-03-28 23:23:43.350724
ACC0112,ACC0097,3452,2026-04-30 07:22:43.350724
ACC0168,ACC0180,352,2026-04-10 08:06:43.350724
ACC0041,ACC0186,2859,2026-05-20 09:01:43.350724
ACC0103,ACC0140,322,2026-05-31 13:10:43.350724
ACC0106,ACC0184,1359,2026-05-03 02:34:43.350724
ACC0174,ACC0123,4423,2026-05-20 23:04:43.350724
ACC0012,ACC0066,4694,2026-04-25 15:12:43.350724
ACC0145,ACC0095,1985,2026-04-04 16:45:43.350724
ACC0065,ACC0145,1399,2026-04-09 14:28:43.350724
ACC0014,ACC0063,3858,2026-03-27 18:19:43.350724
ACC0177,ACC0114,4910,2026-05-26 20:01:43.350724
ACC0186,ACC0054,3838,2026-04-25 12:29:43.350724
ACC0185,ACC0055,4107,2026-04-01 01:46:43.350724
ACC0139,ACC0011,193,2026-05-24 15:05:43.350724
ACC0097,ACC0195,2360,2026-04-10 01:09:43.350724
ACC0158,ACC0017,4400,2026-03-31 03:08:43.350724
ACC0013,ACC0151,3244,2026-05-17 16:21:43.350724
ACC0009,ACC0136,176,2026-04-09 19:37:43.350724
ACC0088,ACC0163,3785,2026-04-19 00:12:43.350724
ACC0026,ACC0168,2973,2026-05-29 05:26:43.350724
ACC0135,ACC0174,3248,2026-05-23 16:12:43.350724
ACC0057,ACC0171,1565,2026-05-08 15:00:43.350724
ACC0136,ACC0149,2725,2026-04-09 08:59:43.350724
ACC0190,ACC0025,1081,2026-04-16 23:08:43.350724
ACC0139,ACC0013,3908,2026-05-19 13:16:43.350724
ACC0178,ACC0003,2499,2026-04-02 14:32:43.350724
ACC0007,ACC0094,2299,2026-04-26 09:31:43.350724
ACC0063,ACC0022,2800,2026-04-08 06:19:43.350724
ACC0058,ACC0129,18050,2026-05-06 10:50:43.350724
ACC0089,ACC0175,4819,2026-05-02 15:37:43.350724
ACC0147,ACC0112,2868,2026-04-06 15:21:43.350724
ACC0195,ACC0101,142,2026-04-12 11:34:43.350724
ACC0092,ACC0035,1760,2026-05-27 19:25:43.350724
ACC0132,ACC0158,4791,2026-03-24 23:37:43.350724
ACC0137,ACC0048,2324,2026-05-08 03:07:43.350724
ACC0015,ACC0061,660,2026-04-22 06:27:43.350724
ACC0092,ACC0003,1412,2026-05-18 21:47:43.350724
ACC0090,ACC0094,3102,2026-05-23 11:57:43.350724
ACC0010,ACC0174,2751,2026-04-09 02:10:43.350724
ACC0199,ACC0036,1841,2026-05-06 19:07:43.350724
ACC0080,ACC0134,3370,2026-03-31 22:02:43.350724
ACC0138,ACC0151,4183,2026-05-08 06:39:43.350724
ACC0093,ACC0174,657,2026-05-10 04:09:43.350724
ACC0153,ACC0167,3401,2026-04-04 00:11:43.350724
ACC0168,ACC0164,4123,2026-04-03 01:36:43.350724
ACC0062,ACC0144,1039,2026-04-26 07:10:43.350724
ACC0194,ACC0048,27684,2026-04-16 22:50:43.350724
ACC0140,ACC0194,1825,2026-04-21 01:04:43.350724
ACC0095,ACC0160,1687,2026-05-23 01:39:43.350724
ACC0014,ACC0100,1436,2026-04-28 23:02:43.350724
ACC0012,ACC0084,3237,2026-04-11 01:09:43.350724
ACC0137,ACC0119,132,2026-05-08 22:09:43.350724
ACC0179,ACC0036,3514,2026-05-18 00:02:43.350724
ACC0002,ACC0074,160,2026-05-23 03:12:43.350724
ACC0037,ACC0123,1643,2026-03-24 02:17:43.350724
ACC0060,ACC0034,4176,2026-05-21 03:49:43.350724
ACC0105,ACC0068,3488,2026-03-31 13:30:43.350724
ACC0073,ACC0197,2852,2026-04-02 18:43:43.350724
ACC0080,ACC0142,1254,2026-05-16 13:07:43.350724
ACC0040,ACC0015,4505,2026-04-30 10:19:43.350724
ACC0060,ACC0153,1845,2026-04-28 11:54:43.350724
ACC0184,ACC0069,3532,2026-04-11 08:54:43.350724
ACC0184,ACC0181,109,2026-05-05 22:00:43.350724
ACC0018,ACC0103,830,2026-05-20 11:44:43.350724
ACC0162,ACC0116,4990,2026-05-07 15:36:43.350724
ACC0198,ACC0178,4328,2026-04-19 04:34:43.350724
ACC0164,ACC0166,2230,2026-05-11 09:05:43.350724
ACC0048,ACC0105,2496,2026-05-05 18:18:43.350724
ACC0050,ACC0130,1606,2026-04-25 22:02:43.350724
ACC0085,ACC0103,3016,2026-04-05 11:14:43.350724
ACC0133,ACC0124,4271,2026-04-02 10:03:43.350724
ACC0022,ACC0181,3703,2026-05-10 06:44:43.350724
ACC0000,ACC0150,1766,2026-04-13 04:00:43.350724
ACC0077,ACC0123,3069,2026-03-30 16:02:43.350724
ACC0022,ACC0157,2426,2026-05-29 14:22:43.350724
ACC0106,ACC0115,2616,2026-04-07 22:33:43.350724
ACC0124,ACC0191,112,2026-04-18 05:49:43.350724
ACC0170,ACC0001,3070,2026-03-31 12:54:43.350724
ACC0090,ACC0006,3721,2026-03-30 04:40:43.350724
ACC0000,ACC0016,3573,2026-04-08 04:22:43.350724
ACC0035,ACC0164,3564,2026-04-15 14:04:43.350724
ACC0140,ACC0031,720,2026-05-06 03:54:43.350724
ACC0018,ACC0182,1745,2026-05-24 07:17:43.350724
ACC0178,ACC0071,4612,2026-04-24 02:41:43.350724
ACC0190,ACC0183,3591,2026-03-31 13:58:43.350724
ACC0103,ACC0132,3811,2026-04-13 11:28:43.350724
ACC0170,ACC0133,1479,2026-05-12 08:48:43.350724
ACC0029,ACC0112,1488,2026-03-31 03:25:43.350724
ACC0181,ACC0032,501,2026-04-25 13:47:43.350724
ACC0153,ACC0115,4424,2026-04-06 09:30:43.350724
ACC0087,ACC0081,4023,2026-05-14 07:09:43.350724
ACC0103,ACC0110,4321,2026-05-27 01:43:43.350724
ACC0135,ACC0134,1825,2026-04-05 00:26:43.350724
ACC0187,ACC0046,1212,2026-04-10 19:34:43.350724
ACC0197,ACC0068,18663,2026-04-12 17:12:43.350724
ACC0174,ACC0135,1380,2026-03-26 22:24:43.350724
ACC0069,ACC0043,4638,2026-04-09 01:21:43.350724
ACC0109,ACC0170,4584,2026-05-14 01:20:43.350724
ACC0061,ACC0134,246,2026-05-26 09:06:43.350724
ACC0054,ACC0057,4716,2026-05-28 06:27:43.350724
ACC0061,ACC0082,3777,2026-03-31 07:05:43.350724
ACC0185,ACC0154,388,2026-04-15 01:27:43.350724
ACC0094,ACC0097,113,2026-05-20 04:27:43.350724
ACC0079,ACC0103,356,2026-04-16 12:15:43.350724
ACC0011,ACC0131,1821,2026-05-20 15:28:43.350724
ACC0041,ACC0184,1523,2026-05-10 18:50:43.350724
ACC0042,ACC0002,3090,2026-05-30 17:17:43.350724
ACC0081,ACC0177,4659,2026-04-24 09:15:43.350724
ACC0136,ACC0035,1344,2026-05-23 14:57:43.350724
ACC0133,ACC0159,3570,2026-05-11 14:09:43.350724
ACC0070,ACC0034,4069,2026-05-29 21:10:43.350724
ACC0111,ACC0157,596,2026-04-25 01:21:43.350724
ACC0180,ACC0119,3706,2026-05-21 04:37:43.350724
ACC0194,ACC0090,5909,2026-04-15 18:44:43.350724
ACC0038,ACC0082,4557,2026-05-15 20:12:43.350724
ACC0077,ACC0059,1444,2026-04-10 03:01:43.350724
ACC0183,ACC0199,7431,2026-04-01 10:02:43.350724
ACC0155,ACC0024,4931,2026-05-08 21:28:43.350724
ACC0168,ACC0109,2493,2026-04-19 00:08:43.350724
ACC0126,ACC0023,1315,2026-05-30 08:57:43.350724
ACC0110,ACC0059,2007,2026-04-26 21:00:43.350724
ACC0028,ACC0085,1119,2026-04-30 20:07:43.350724
ACC0126,ACC0067,1503,2026-04-03 16:06:43.350724
ACC0120,ACC0072,763,2026-05-04 17:16:43.350724
ACC0046,ACC0107,2747,2026-04-16 00:46:43.350724
ACC0110,ACC0073,1138,2026-04-25 10:55:43.350724
ACC0084,ACC0006,3103,2026-03-26 17:20:43.350724
ACC0183,ACC0130,30651,2026-03-24 13:13:43.350724
ACC0058,ACC0132,44963,2026-04-22 18:00:43.350724
ACC0006,ACC0081,18662,2026-05-22 00:13:43.350724
ACC0015,ACC0018,1889,2026-05-18 01:32:43.350724
ACC0121,ACC0071,4938,2026-05-04 17:12:43.350724
ACC0082,ACC0017,3753,2026-04-30 21:37:43.350724
ACC0124,ACC0131,4399,2026-04-20 23:32:43.350724
ACC0139,ACC0178,1073,2026-05-03 21:01:43.350724
ACC0021,ACC0085,1965,2026-04-08 04:19:43.350724
ACC0094,ACC0016,1399,2026-05-16 14:18:43.350724
ACC0060,ACC0148,1258,2026-05-08 17:20:43.350724
ACC0085,ACC0159,3667,2026-04-01 15:24:43.350724
ACC0124,ACC0152,4490,2026-03-30 22:21:43.350724
ACC0144,ACC0118,1281,2026-05-05 13:40:43.350724
ACC0174,ACC0018,3238,2026-03-31 13:59:43.350724
ACC0037,ACC0107,4494,2026-05-16 02:44:43.350724
ACC0074,ACC0083,4296,2026-05-23 16:33:43.350724
ACC0077,ACC0198,1874,2026-05-21 07:44:43.350724
ACC0081,ACC0178,3914,2026-05-11 00:47:43.350724
ACC0136,ACC0141,191,2026-04-04 19:46:43.350724
ACC0030,ACC0024,546,2026-03-24 05:00:43.350724
ACC0136,ACC0059,4512,2026-04-13 18:57:43.350724
ACC0037,ACC0162,4153,2026-05-10 06:57:43.350724
ACC0179,ACC0124,4637,2026-05-15 18:07:43.350724
ACC0137,ACC0113,1345,2026-05-14 06:59:43.350724
ACC0062,ACC0010,3156,2026-05-22 14:56:43.350724
ACC0195,ACC0153,3022,2026-04-14 07:03:43.350724
ACC0086,ACC0033,938,2026-05-29 14:31:43.350724
ACC0083,ACC0185,129,2026-04-22 21:38:43.350724
ACC0068,ACC0118,1357,2026-05-21 01:50:43.350724
ACC0038,ACC0017,464,2026-05-07 13:04:43.350724
ACC0001,ACC0173,1004,2026-05-26 09:16:43.350724
ACC0020,ACC0004,4893,2026-05-12 23:18:43.350724
ACC0010,ACC0124,2950,2026-05-14 12:08:43.350724
ACC0198,ACC0124,2936,2026-04-17 14:17:43.350724
ACC0107,ACC0039,17638,2026-04-15 21:57:43.350724
ACC0094,ACC0002,3973,2026-04-03 20:06:43.350724
ACC0196,ACC0156,4059,2026-05-19 15:15:43.350724
ACC0156,ACC0060,4705,2026-04-12 22:36:43.350724
ACC0119,ACC0120,452,2026-04-22 14:17:43.350724
ACC0022,ACC0117,4607,2026-05-01 00:04:43.350724
ACC0070,ACC0038,217,2026-05-19 20:07:43.350724
ACC0061,ACC0103,4387,2026-05-12 15:39:43.350724
ACC0145,ACC0091,206,2026-05-28 10:35:43.350724
ACC0195,ACC0102,4978,2026-05-27 00:19:43.350724
ACC0128,ACC0166,343,2026-05-15 07:16:43.350724
ACC0100,ACC0198,4663,2026-05-30 22:47:43.350724
ACC0198,ACC0080,3081,2026-04-20 15:27:43.350724
ACC0092,ACC0023,703,2026-05-23 17:38:43.350724
ACC0064,ACC0095,4118,2026-05-27 22:40:43.350724
ACC0163,ACC0035,2115,2026-04-13 16:36:43.350724
ACC0174,ACC0105,3867,2026-04-13 10:06:43.350724
ACC0108,ACC0186,1713,2026-04-05 05:51:43.350724
ACC0030,ACC0088,1979,2026-04-24 13:32:43.350724
ACC0029,ACC0094,2446,2026-03-29 05:01:43.350724
ACC0097,ACC0146,1174,2026-03-29 10:14:43.350724
ACC0022,ACC0188,248,2026-05-30 07:58:43.350724
ACC0045,ACC0146,2269,2026-04-10 21:58:43.350724
ACC0000,ACC0199,3856,2026-04-09 12:45:43.350724
ACC0166,ACC0117,3409,2026-03-28 06:57:43.350724
ACC0072,ACC0073,4277,2026-04-07 03:57:43.350724
ACC0189,ACC0157,1024,2026-04-23 16:08:43.350724
ACC0066,ACC0118,1703,2026-04-16 17:17:43.350724
ACC0066,ACC0129,3152,2026-04-13 02:38:43.350724
ACC0001,ACC0153,4903,2026-04-25 18:23:43.350724
ACC0132,ACC0128,3580,2026-04-23 21:14:43.350724
ACC0031,ACC0161,36042,2026-05-06 14:02:43.350724
ACC0150,ACC0011,2917,2026-04-28 20:16:43.350724
ACC0003,ACC0041,24544,2026-04-22 20:24:43.350724
ACC0066,ACC0046,4905,2026-05-13 23:45:43.350724
ACC0084,ACC0077,2686,2026-04-14 04:48:43.350724
ACC0082,ACC0120,1817,2026-04-30 02:00:43.350724
ACC0081,ACC0153,970,2026-04-05 11:02:43.350724
ACC0152,ACC0194,3674,2026-05-16 03:01:43.350724
ACC0007,ACC0101,370,2026-05-02 00:49:43.350724
ACC0034,ACC0016,20321,2026-04-07 06:10:43.350724
ACC0077,ACC0138,1812,2026-04-20 18:46:43.350724
ACC0163,ACC0077,4993,2026-05-24 23:16:43.350724
ACC0107,ACC0009,22270,2026-04-23 08:26:43.350724
ACC0195,ACC0183,2358,2026-04-12 23:54:43.350724
ACC0090,ACC0115,1885,2026-04-29 17:54:43.350724
ACC0041,ACC0136,3643,2026-05-10 14:15:43.350724
ACC0194,ACC0006,35712,2026-04-04 10:57:43.350724
ACC0134,ACC0115,2153,2026-04-04 04:32:43.350724
ACC0142,ACC0154,35563,2026-04-24 10:22:43.350724
ACC0199,ACC0083,424,2026-04-28 06:24:43.350724
ACC0130,ACC0105,2391,2026-04-30 00:50:43.350724
ACC0189,ACC0084,1086,2026-04-02 11:54:43.350724
ACC0164,ACC0017,860,2026-05-14 18:50:43.350724
ACC0157,ACC0060,3793,2026-05-19 13:02:43.350724
ACC0159,ACC0132,464,2026-04-22 00:31:43.350724
ACC0110,ACC0061,3513,2026-05-08 22:57:43.350724
ACC0097,ACC0190,1169,2026-05-20 12:49:43.350724
ACC0052,ACC0103,4469,2026-05-24 07:05:43.350724
ACC0053,ACC0132,3786,2026-04-07 10:05:43.350724
ACC0009,ACC0083,3181,2026-05-17 21:50:43.350724
ACC0045,ACC0088,2207,2026-05-26 01:04:43.350724
ACC0188,ACC0168,3033,2026-05-14 04:15:43.350724
ACC0158,ACC0094,1659,2026-04-26 04:59:43.350724
ACC0104,ACC0135,20167,2026-04-05 09:13:43.350724
ACC0040,ACC0074,725,2026-05-11 19:13:43.350724
ACC0052,ACC0035,1790,2026-04-05 06:12:43.350724
ACC0191,ACC0197,2881,2026-05-15 18:58:43.350724
ACC0008,ACC0105,3106,2026-05-28 13:30:43.350724
ACC0012,ACC0094,1188,2026-05-16 00:01:43.350724
ACC0164,ACC0011,4711,2026-05-25 01:00:43.350724
ACC0181,ACC0159,2001,2026-03-25 17:39:43.350724
ACC0108,ACC0053,4590,2026-04-18 02:55:43.352463
ACC0020,ACC0108,286,2026-05-30 10:35:43.352463
ACC0104,ACC0182,16600,2026-05-28 22:45:43.352463
ACC0173,ACC0157,2770,2026-04-06 23:59:43.352463
ACC0097,ACC0034,339,2026-04-02 20:52:43.352463
ACC0186,ACC0179,4336,2026-05-14 09:18:43.352463
ACC0110,ACC0093,2606,2026-04-18 20:03:43.352463
ACC0099,ACC0078,4580,2026-05-28 06:27:43.352463
ACC0002,ACC0144,2345,2026-05-17 04:28:43.352463
ACC0120,ACC0182,1849,2026-04-21 08:01:43.352463
ACC0138,ACC0031,981,2026-04-11 18:45:43.352463
ACC0046,ACC0177,739,2026-04-17 20:58:43.352463
ACC0155,ACC0102,4061,2026-05-22 19:00:43.352463
ACC0183,ACC0138,42305,2026-04-06 22:45:43.352463
ACC0008,ACC0174,2435,2026-05-05 19:03:43.352463
ACC0100,ACC0017,3085,2026-05-31 03:53:43.352463
ACC0183,ACC0074,5713,2026-05-05 14:31:43.352463
ACC0112,ACC0079,4088,2026-04-23 02:37:43.352463
ACC0140,ACC0191,356,2026-04-21 07:52:43.352463
ACC0113,ACC0176,137,2026-05-01 16:00:43.352463
ACC0016,ACC0007,4605,2026-05-02 18:52:43.352463
ACC0117,ACC0029,1540,2026-05-07 12:32:43.352463
ACC0106,ACC0006,4764,2026-03-30 09:12:43.352463
ACC0083,ACC0157,3499,2026-05-31 06:00:43.352463
ACC0038,ACC0063,4251,2026-04-11 14:05:43.352463
ACC0171,ACC0108,1851,2026-03-28 13:13:43.352463
ACC0049,ACC0197,2940,2026-04-15 20:40:43.352463
ACC0190,ACC0185,771,2026-05-08 10:55:43.352463
ACC0039,ACC0061,3814,2026-04-25 23:04:43.352463
ACC0128,ACC0100,1782,2026-04-30 01:01:43.352463
ACC0157,ACC0140,2560,2026-05-05 15:35:43.352463
ACC0197,ACC0108,39743,2026-04-13 19:20:43.352463
ACC0083,ACC0186,1489,2026-04-12 21:41:43.352463
ACC0170,ACC0010,3956,2026-04-09 06:00:43.352463
ACC0113,ACC0165,3063,2026-04-11 07:50:43.352463
ACC0117,ACC0112,1076,2026-05-08 18:19:43.352463
ACC0173,ACC0036,1293,2026-04-19 09:46:43.352463
ACC0103,ACC0014,4612,2026-05-15 19:26:43.352463
ACC0187,ACC0026,346,2026-04-09 19:13:43.352463
ACC0043,ACC0063,736,2026-05-28 22:17:43.352463
ACC0049,ACC0095,2521,2026-04-16 16:41:43.352463
ACC0128,ACC0074,4933,2026-04-09 14:16:43.352463
ACC0104,ACC0168,41951,2026-05-23 16:01:43.352463
ACC0147,ACC0043,812,2026-04-23 05:28:43.352463
ACC0010,ACC0117,4796,2026-03-26 02:05:43.352463
ACC0196,ACC0030,3744,2026-04-04 19:54:43.352463
ACC0187,ACC0107,3990,2026-05-24 01:34:43.352463
ACC0098,ACC0169,4409,2026-05-30 02:04:43.352463
ACC0191,ACC0013,4893,2026-05-06 06:50:43.352463
ACC0187,ACC0136,1342,2026-04-08 22:05:43.352463
ACC0119,ACC0076,3586,2026-05-21 13:45:43.352463
ACC0179,ACC0099,4432,2026-05-23 05:10:43.352463
ACC0078,ACC0079,25284,2026-04-19 22:03:43.352463
ACC0133,ACC0129,4842,2026-03-30 03:33:43.352463
ACC0094,ACC0043,3134,2026-04-11 04:53:43.352463
ACC0070,ACC0016,4668,2026-04-10 14:18:43.352463
ACC0074,ACC0176,4307,2026-04-07 12:53:43.352463
ACC0172,ACC0039,3463,2026-04-18 22:27:43.352463
ACC0005,ACC0157,1945,2026-04-29 02:42:43.352463
ACC0111,ACC0012,482,2026-05-22 16:12:43.352463
ACC0008,ACC0040,3910,2026-05-30 12:03:43.352463
ACC0149,ACC0015,4312,2026-05-07 16:46:43.352463
ACC0123,ACC0069,979,2026-04-28 23:58:43.352463
ACC0041,ACC0064,1672,2026-05-09 15:39:43.352463
ACC0197,ACC0109,47608,2026-04-07 01:25:43.352463
ACC0079,ACC0155,1459,2026-03-30 00:04:43.352463
ACC0093,ACC0044,3069,2026-05-17 10:08:43.352463
ACC0032,ACC0159,3911,2026-04-13 02:14:43.352463
ACC0136,ACC0001,4317,2026-05-18 06:36:43.352463
ACC0088,ACC0008,2809,2026-05-10 04:10:43.352463
ACC0050,ACC0163,4699,2026-04-26 22:53:43.352463
ACC0082,ACC0182,2596,2026-04-13 14:37:43.352463
ACC0158,ACC0009,3598,2026-03-28 23:16:43.352463
ACC0133,ACC0172,1445,2026-05-25 22:32:43.352463
ACC0144,ACC0194,1289,2026-05-21 21:24:43.352463
ACC0131,ACC0000,558,2026-03-29 03:08:43.352463
ACC0158,ACC0061,4659,2026-04-28 13:50:43.352463
ACC0101,ACC0079,1125,2026-03-24 05:37:43.352463
ACC0191,ACC0177,2785,2026-04-09 12:31:43.352463
ACC0084,ACC0115,1948,2026-05-20 13:21:43.352463
ACC0147,ACC0143,3841,2026-04-18 04:21:43.352463
ACC0121,ACC0196,4848,2026-05-19 06:30:43.352463
ACC0044,ACC0138,4202,2026-04-04 00:48:43.352463
ACC0198,ACC0038,3126,2026-04-20 07:40:43.352463
ACC0004,ACC0152,4811,2026-03-30 02:11:43.352463
ACC0100,ACC0104,2720,2026-05-07 04:55:43.352463
ACC0121,ACC0107,3972,2026-05-24 19:55:43.352463
ACC0128,ACC0045,3251,2026-05-14 19:58:43.352463
ACC0115,ACC0116,22824,2026-05-31 00:27:43.352463
ACC0056,ACC0173,4579,2026-03-25 02:01:43.352463
ACC0095,ACC0025,4192,2026-05-22 12:57:43.352463
ACC0016,ACC0194,1249,2026-03-27 11:55:43.352463
ACC0090,ACC0085,4242,2026-04-05 01:01:43.352463
ACC0090,ACC0051,2072,2026-03-29 15:37:43.352463
ACC0090,ACC0027,4318,2026-05-03 11:43:43.352463
ACC0153,ACC0113,2281,2026-05-24 17:18:43.352463
ACC0166,ACC0118,3988,2026-05-30 23:12:43.352463
ACC0105,ACC0165,2754,2026-05-27 10:53:43.352463
ACC0131,ACC0031,4218,2026-04-15 15:31:43.352463
ACC0013,ACC0027,1064,2026-04-09 15:49:43.352463
ACC0054,ACC0192,1287,2026-05-28 13:21:43.352463
ACC0180,ACC0197,3354,2026-04-22 01:04:43.352463
ACC0099,ACC0091,756,2026-04-25 08:18:43.352463
ACC0023,ACC0178,30689,2026-05-27 07:49:43.352463
ACC0154,ACC0132,4506,2026-04-04 06:36:43.352463
ACC0124,ACC0146,3119,2026-03-28 08:56:43.352463
ACC0181,ACC0078,2680,2026-04-21 16:37:43.352463
ACC0088,ACC0133,1461,2026-05-25 00:46:43.352463
ACC0121,ACC0108,4119,2026-05-17 23:50:43.352463
ACC0185,ACC0002,1748,2026-05-21 09:17:43.352463
ACC0098,ACC0191,771,2026-05-08 06:07:43.352463
ACC0183,ACC0104,31855,2026-05-06 16:42:43.352463
ACC0116,ACC0127,1960,2026-05-21 15:32:43.352463
ACC0058,ACC0123,6074,2026-05-01 21:56:43.352463
ACC0000,ACC0039,1383,2026-04-07 02:18:43.352463
ACC0041,ACC0155,2086,2026-05-09 00:42:43.352463
ACC0177,ACC0074,1101,2026-04-23 00:33:43.352463
ACC0172,ACC0194,1146,2026-05-30 00:56:43.352463
ACC0196,ACC0078,2438,2026-04-03 02:39:43.352463
ACC0104,ACC0166,32115,2026-04-07 18:30:43.352463
ACC0107,ACC0113,45002,2026-04-21 21:08:43.352463
ACC0140,ACC0198,2432,2026-04-27 00:00:43.352463
ACC0009,ACC0183,4384,2026-04-09 15:56:43.352463
ACC0185,ACC0153,1981,2026-05-05 16:21:43.352463
ACC0106,ACC0011,1854,2026-04-25 16:56:43.352463
ACC0052,ACC0152,2323,2026-05-28 10:30:43.352463
ACC0137,ACC0157,1594,2026-03-29 09:08:43.352463
ACC0019,ACC0027,551,2026-05-01 11:48:43.352463
ACC0165,ACC0079,1858,2026-05-22 20:52:43.352463
ACC0107,ACC0172,16545,2026-04-18 20:32:43.352463
ACC0050,ACC0060,4795,2026-04-08 00:46:43.352463
ACC0004,ACC0046,2688,2026-05-21 14:34:43.352463
ACC0125,ACC0171,1882,2026-05-16 01:01:43.352463
ACC0064,ACC0003,3620,2026-03-28 17:41:43.352463
ACC0125,ACC0056,3232,2026-03-27 11:47:43.352463
ACC0054,ACC0046,3318,2026-04-02 01:15:43.352463
ACC0158,ACC0065,4116,2026-05-29 13:55:43.352463
ACC0034,ACC0006,44802,2026-05-03 17:15:43.352463
ACC0118,ACC0112,4339,2026-04-01 14:04:43.352463
ACC0061,ACC0146,1519,2026-05-28 16:02:43.352463
ACC0110,ACC0141,1430,2026-05-23 20:03:43.352463
ACC0050,ACC0172,1546,2026-05-13 11:36:43.352463
ACC0164,ACC0180,3844,2026-05-23 21:16:43.352463
ACC0002,ACC0047,4275,2026-04-05 07:05:43.352463
ACC0185,ACC0178,964,2026-05-15 09:48:43.352463
ACC0068,ACC0128,571,2026-05-04 11:27:43.352463
ACC0008,ACC0034,1602,2026-04-24 03:56:43.352463
ACC0123,ACC0078,1510,2026-05-28 22:22:43.352463
ACC0107,ACC0184,47865,2026-04-24 04:21:43.352463
ACC0026,ACC0027,4101,2026-04-19 07:04:43.352463
ACC0186,ACC0060,3583,2026-05-17 00:06:43.352463
ACC0186,ACC0150,698,2026-03-25 23:40:43.352463
ACC0016,ACC0107,1091,2026-03-28 15:08:43.352463
ACC0129,ACC0024,2884,2026-05-04 08:33:43.352463
ACC0044,ACC0042,166,2026-05-21 04:44:43.352463
ACC0137,ACC0132,3498,2026-04-27 11:45:43.352463
ACC0185,ACC0163,2850,2026-04-21 09:39:43.352463
ACC0173,ACC0174,1824,2026-05-26 19:46:43.352463
ACC0063,ACC0067,4085,2026-04-03 12:41:43.352463
ACC0023,ACC0101,44220,2026-05-19 15:14:43.352463
ACC0169,ACC0135,20456,2026-05-12 09:24:43.352463
ACC0053,ACC0126,2603,2026-04-20 16:42:43.352463
ACC0050,ACC0040,4119,2026-05-22 22:13:43.352463
ACC0114,ACC0121,1029,2026-04-02 13:40:43.352463
ACC0143,ACC0043,1605,2026-04-01 09:03:43.352463
ACC0186,ACC0023,3044,2026-04-02 16:53:43.352463
ACC0163,ACC0120,1284,2026-03-31 06:09:43.352463
ACC0175,ACC0052,1911,2026-05-19 19:21:43.352463
ACC0167,ACC0145,1016,2026-04-20 13:00:43.352463
ACC0137,ACC0175,3674,2026-05-19 04:42:43.352463
ACC0120,ACC0050,1341,2026-05-27 22:26:43.352463
ACC0151,ACC0084,24517,2026-04-26 20:42:43.352463
ACC0124,ACC0112,1623,2026-04-22 09:51:43.352463
ACC0019,ACC0097,4207,2026-05-05 08:56:43.352463
ACC0102,ACC0175,2988,2026-04-14 04:06:43.352463
ACC0127,ACC0025,4191,2026-04-29 02:24:43.352463
ACC0180,ACC0149,790,2026-05-14 02:49:43.352463
ACC0196,ACC0146,1595,2026-04-08 08:11:43.352463
ACC0032,ACC0182,992,2026-04-21 11:02:43.352463
ACC0133,ACC0059,1349,2026-04-08 14:16:43.352463
ACC0113,ACC0136,4603,2026-04-07 21:36:43.352463
ACC0184,ACC0059,997,2026-04-04 04:02:43.352463
ACC0027,ACC0073,3795,2026-05-15 04:20:43.352463
ACC0176,ACC0028,4612,2026-04-04 08:57:43.352463
ACC0076,ACC0018,1571,2026-05-05 21:24:43.352463
ACC0147,ACC0014,4362,2026-05-12 19:05:43.352463
ACC0171,ACC0169,2615,2026-03-29 05:05:43.352463
ACC0011,ACC0056,909,2026-04-08 05:40:43.352463
ACC0010,ACC0090,1092,2026-05-18 22:35:43.352463
ACC0114,ACC0150,3661,2026-03-31 01:19:43.352463
ACC0080,ACC0061,1856,2026-04-14 06:00:43.352463
ACC0191,ACC0072,991,2026-03-25 08:51:43.352463
ACC0010,ACC0003,807,2026-04-16 16:37:43.352463
ACC0062,ACC0134,4582,2026-05-01 14:58:43.352463
ACC0007,ACC0076,2454,2026-03-31 12:23:43.352463
ACC0178,ACC0020,4635,2026-04-22 15:17:43.352463
ACC0068,ACC0122,1076,2026-05-19 15:54:43.352463
ACC0070,ACC0005,2568,2026-04-19 23:08:43.352463
ACC0124,ACC0086,732,2026-05-22 07:52:43.352463
ACC0058,ACC0050,19746,2026-04-24 13:41:43.352463
ACC0091,ACC0121,3001,2026-04-03 12:09:43.352463
ACC0071,ACC0120,2115,2026-04-12 03:45:43.352463
ACC0170,ACC0070,3281,2026-05-20 06:46:43.352463
ACC0190,ACC0120,4163,2026-05-12 15:46:43.352463
ACC0092,ACC0191,3972,2026-05-08 01:30:43.352463
ACC0086,ACC0048,480,2026-04-25 06:38:43.352463
ACC0150,ACC0121,2491,2026-04-27 18:01:43.352463
ACC0166,ACC0020,1692,2026-05-07 03:15:43.352463
ACC0167,ACC0075,3653,2026-04-23 20:22:43.352463
ACC0163,ACC0094,3127,2026-05-25 00:33:43.352463
ACC0065,ACC0081,3953,2026-03-23 21:44:43.352463
ACC0102,ACC0120,3181,2026-05-17 15:05:43.352463
ACC0092,ACC0146,2339,2026-04-08 16:57:43.352463
ACC0126,ACC0027,3873,2026-04-11 10:38:43.352463
ACC0158,ACC0118,4031,2026-05-26 20:12:43.352463
ACC0016,ACC0122,2574,2026-04-10 11:21:43.352463
ACC0099,ACC0030,3230,2026-03-27 12:53:43.352463
ACC0030,ACC0107,196,2026-04-24 17:42:43.352463
ACC0001,ACC0043,2808,2026-05-05 01:07:43.352463
ACC0087,ACC0013,3436,2026-04-27 02:24:43.352463
ACC0066,ACC0087,4468,2026-05-23 18:53:43.352463
ACC0184,ACC0000,4188,2026-05-23 03:56:43.352463
ACC0041,ACC0093,1131,2026-05-14 08:09:43.352463
ACC0191,ACC0154,2037,2026-04-29 02:36:43.352463
ACC0087,ACC0067,1246,2026-04-23 20:08:43.352463
ACC0092,ACC0096,4399,2026-05-25 21:54:43.352463
ACC0173,ACC0140,2664,2026-04-22 00:41:43.352463
ACC0144,ACC0136,4884,2026-05-21 00:07:43.352463
ACC0024,ACC0011,932,2026-04-05 20:22:43.352463
ACC0019,ACC0053,1561,2026-05-07 23:45:43.352463
ACC0066,ACC0124,486,2026-03-28 13:19:43.352463
ACC0096,ACC0028,12192,2026-04-08 13:51:43.352463
ACC0150,ACC0072,1818,2026-04-01 08:17:43.352463
ACC0068,ACC0125,4150,2026-04-13 16:07:43.352463
ACC0036,ACC0130,789,2026-04-22 08:58:43.352463
ACC0021,ACC0193,1269,2026-04-18 00:18:43.352463
ACC0113,ACC0191,4979,2026-05-04 15:37:43.354202
ACC0074,ACC0060,4690,2026-03-27 13:04:43.354202
ACC0064,ACC0081,4017,2026-04-29 17:50:43.354202
ACC0192,ACC0140,2584,2026-05-07 12:10:43.354202
ACC0149,ACC0041,3539,2026-05-29 17:55:43.354202
ACC0001,ACC0192,4083,2026-04-22 13:57:43.354202
ACC0123,ACC0105,2291,2026-05-19 17:12:43.354202
ACC0183,ACC0062,49772,2026-03-25 19:42:43.354202
ACC0062,ACC0162,3440,2026-04-30 09:21:43.354202
ACC0159,ACC0127,1896,2026-04-18 16:45:43.354202
ACC0039,ACC0188,1862,2026-05-11 09:04:43.354202
ACC0009,ACC0146,3385,2026-05-24 18:15:43.354202
ACC0135,ACC0018,3663,2026-05-16 23:44:43.354202
ACC0096,ACC0088,42809,2026-05-23 17:00:43.354202
ACC0104,ACC0033,45794,2026-04-06 08:53:43.354202
ACC0198,ACC0022,3344,2026-04-26 16:40:43.354202
ACC0176,ACC0001,3227,2026-04-03 01:59:43.354202
ACC0018,ACC0131,3729,2026-04-14 13:42:43.354202
ACC0011,ACC0115,1777,2026-03-29 06:42:43.354202
ACC0018,ACC0098,2384,2026-04-03 13:23:43.354202
ACC0009,ACC0119,1261,2026-04-25 16:00:43.354202
ACC0180,ACC0055,3955,2026-05-16 04:39:43.354202
ACC0071,ACC0070,794,2026-05-20 17:24:43.354202
ACC0185,ACC0140,4512,2026-04-17 01:07:43.354202
ACC0062,ACC0159,4963,2026-04-19 02:10:43.354202
ACC0107,ACC0078,25067,2026-05-26 21:28:43.354202
ACC0023,ACC0001,45136,2026-04-14 16:05:43.354202
ACC0119,ACC0084,1603,2026-05-23 14:31:43.354202
ACC0055,ACC0124,4318,2026-05-21 08:35:43.354202
ACC0099,ACC0161,3342,2026-05-30 06:04:43.354202
ACC0084,ACC0036,1771,2026-04-14 20:08:43.354202
ACC0111,ACC0145,3951,2026-04-11 14:13:43.354202
ACC0071,ACC0010,2242,2026-05-25 01:32:43.354202
ACC0195,ACC0141,353,2026-05-28 16:50:43.354202
ACC0032,ACC0113,3642,2026-05-18 05:53:43.354202
ACC0003,ACC0048,11212,2026-03-24 22:32:43.354202
ACC0073,ACC0103,4737,2026-04-08 00:51:43.354202
ACC0031,ACC0096,33760,2026-04-23 05:26:43.354202
ACC0048,ACC0125,3379,2026-03-27 23:19:43.354202
ACC0068,ACC0154,365,2026-05-24 05:40:43.354202
ACC0174,ACC0027,3248,2026-04-02 07:53:43.354202
ACC0074,ACC0026,1104,2026-05-29 06:41:43.354202
ACC0103,ACC0123,4622,2026-05-31 09:43:43.354202
ACC0078,ACC0070,30463,2026-05-27 16:53:43.354202
ACC0033,ACC0171,253,2026-05-17 16:15:43.354202
ACC0145,ACC0079,514,2026-03-23 09:24:43.354202
ACC0023,ACC0050,8148,2026-03-23 18:00:43.354202
ACC0013,ACC0066,1082,2026-05-27 15:45:43.354202
ACC0099,ACC0172,3302,2026-03-26 17:26:43.354202
ACC0110,ACC0015,3626,2026-04-25 11:33:43.354202
ACC0097,ACC0192,2310,2026-04-21 00:10:43.354202
ACC0066,ACC0099,4032,2026-05-14 02:35:43.354202
ACC0146,ACC0134,458,2026-05-08 04:55:43.354202
ACC0137,ACC0084,4622,2026-04-26 09:28:43.354202
ACC0195,ACC0131,1536,2026-05-31 07:43:43.354202
ACC0110,ACC0047,4454,2026-04-01 17:14:43.354202
ACC0159,ACC0167,4108,2026-04-28 07:42:43.354202
ACC0149,ACC0092,4822,2026-05-19 05:00:43.354202
ACC0078,ACC0098,25569,2026-05-02 14:33:43.354202
ACC0039,ACC0091,3335,2026-05-28 08:56:43.354202
ACC0049,ACC0097,2231,2026-03-23 12:28:43.354202
ACC0090,ACC0007,772,2026-05-02 17:56:43.354202
ACC0085,ACC0076,2632,2026-05-10 12:27:43.354202
ACC0070,ACC0044,3770,2026-05-19 15:07:43.354202
ACC0071,ACC0081,3623,2026-04-30 15:14:43.354202
ACC0022,ACC0062,2486,2026-04-24 02:18:43.354202
ACC0172,ACC0173,1689,2026-05-05 07:49:43.354202
ACC0026,ACC0012,1601,2026-04-17 00:58:43.354202
ACC0186,ACC0139,4418,2026-05-18 00:48:43.354202
ACC0091,ACC0015,1176,2026-03-25 22:03:43.354202
ACC0170,ACC0091,602,2026-05-02 04:13:43.354202
ACC0035,ACC0162,3985,2026-05-09 15:31:43.354202
ACC0073,ACC0090,723,2026-03-28 15:54:43.354202
ACC0163,ACC0042,3450,2026-04-03 22:22:43.354202
ACC0021,ACC0155,3872,2026-04-01 22:36:43.354202
ACC0097,ACC0148,4118,2026-04-26 11:51:43.354202
ACC0084,ACC0013,4214,2026-04-29 08:56:43.354202
ACC0004,ACC0115,3467,2026-04-10 10:01:43.354202
ACC0045,ACC0006,4051,2026-05-16 15:24:43.354202
ACC0127,ACC0096,2597,2026-04-28 10:57:43.354202
ACC0188,ACC0177,1673,2026-04-16 23:30:43.354202
ACC0043,ACC0085,2734,2026-04-14 02:48:43.354202
ACC0144,ACC0027,1311,2026-03-29 10:25:43.354202
ACC0174,ACC0059,1260,2026-03-31 12:15:43.354202
ACC0192,ACC0097,2483,2026-05-24 00:26:43.354202
ACC0128,ACC0079,3640,2026-05-21 21:50:43.354202
ACC0092,ACC0025,4735,2026-05-30 18:57:43.354202
ACC0075,ACC0047,123,2026-05-21 17:49:43.354202
ACC0184,ACC0068,3656,2026-04-15 06:57:43.354202
ACC0079,ACC0138,4418,2026-03-24 13:21:43.354202
ACC0019,ACC0028,278,2026-04-25 10:33:43.354202
ACC0180,ACC0186,2060,2026-03-23 06:15:43.354202
ACC0197,ACC0001,42656,2026-04-12 13:57:43.354202
ACC0006,ACC0101,6212,2026-05-25 07:11:43.354202
